iteration,z_norm,PSNR_obs,RelMSE_obs,PSNR_holdout,RelMSE_holdout,FA_MAE,MD_MAE,AD_MAE,RD_MAE,mean_D_error,mean_delta_D,n_observed_vols,n_holdout_vols,signal_loss_obs,L_directional,L_angular,L_z,objective,lambda_shape,lambda_z,subject,sampling_ratio
0,0.0,-17.735472002074985,88.33038214855918,-10.857478865965707,30.306551153446964,0.17340725400929372,0.00033228888092181474,0.0004450402273260078,0.00034840263590245715,0.0007727638114817885,0.0,40,68,nan,nan,nan,nan,signal,0.0,0.0,106319,0.25
10,0.010380687192082405,-17.7366471657633,88.35428682783196,-10.871585031365285,30.405148829034395,0.17334774477342305,0.00033235392902822476,0.00044485959320926776,0.00034851476305258603,0.0007727343491698526,2.3476537579995762e-06,40,68,20.18296241760254,5.8729071617126465,0.04458484798669815,9.359817340737209e-05,signal,0.0,0.0,106319,0.25
50,0.03776223585009575,-17.452885432571545,82.76590199170863,-10.50149793101432,27.921479283086065,0.173571493760126,0.0003328357114859925,0.00044529939759712327,0.0003491095617249158,0.0007732253719218847,1.542323589228072e-05,40,68,1.6186999082565308,0.4651980996131897,0.04148765280842781,0.0013594713527709246,signal,0.0,0.0,106319,0.25
100,0.0614834800362587,-17.15574168722957,77.2924507432398,-9.956517242852982,24.628635694004004,0.1740877660129459,0.00033330898082950517,0.00044756403366837794,0.00034919169929867626,0.0007749578844489434,2.8512365216787847e-05,40,68,7.861791133880615,2.2362923622131348,0.0440000519156456,0.0037460862658917904,signal,0.0,0.0,106319,0.25
200,0.13835300505161285,-16.646586121351852,68.74189835052529,-7.382035634056502,13.614202115900262,0.17559064943118483,0.00033487441702666145,0.00045318710645781817,0.0003501757634510273,0.0007792261241554915,7.62090340162267e-05,40,68,11.794851303100586,2.7519824504852295,0.0460817925632,0.018725836649537086,signal,0.0,0.0,106319,0.25
500,0.28032198548316956,-12.09621542220769,24.10929168972741,-1.7131070743891081,3.6906200590630305,0.17812946533309468,0.00033796885610097013,0.00046327696430619245,0.00035201999731477787,0.0007875914241034653,0.00014372543767434098,40,68,0.8216132521629333,0.1887650042772293,0.04836220666766167,0.07846766710281372,signal,0.0,0.0,106319,0.25
1000,0.3443569242954254,-7.471932541452302,8.312969044386728,0.9954622082541043,1.9780734307876053,0.17939093257770358,0.0003399839755692771,0.0004677783723113588,0.0003537425557377213,0.0007920002206932942,0.00017098313535655058,40,68,4.768065452575684,0.24623559415340424,0.0496777780354023,0.11848673224449158,signal,0.0,0.0,106319,0.25
0,0.0,-16.252616823616705,74.17037443600401,-10.830517741174376,29.644441735591176,0.17340725400929372,0.00033228888092181474,0.0004450402273260078,0.00034840263590245715,0.0007727638114817885,0.0,63,45,nan,nan,nan,nan,signal,0.0,0.0,106319,0.5
10,0.010289322584867477,-16.247244211468576,74.07867576382843,-10.833742393025425,29.666461011855866,0.17335832499452855,0.0003323646125254163,0.0004448958890250009,0.0003485209281790518,0.0007727617735407709,2.330460220237636e-06,63,45,14.935843467712402,5.840728282928467,0.04512885585427284,9.237225458491594e-05,signal,0.0,0.0,106319,0.5
50,0.03927743434906006,-15.908369458355613,68.51816680433194,-10.39235829232258,26.79953948032138,0.17364175408109497,0.0003328897132725326,0.0004455286290535846,0.00034913617629806176,0.0007733790403298095,1.6768600857721555e-05,63,45,1.1878572702407837,0.4588570296764374,0.042300231754779816,0.0014701045583933592,signal,0.0,0.0,106319,0.5
100,0.06483528017997742,-15.611838454461429,63.99597124050508,-9.816053697955196,23.46912357931576,0.17416812813259544,0.0003334002287997384,0.0004477752278899869,0.0003492832976398973,0.0007750977646437346,3.143176548633394e-05,63,45,5.7948384284973145,2.2241737842559814,0.044412970542907715,0.004170163534581661,signal,0.0,0.0,106319,0.5
200,0.15110057592391968,-14.815520641381465,53.2746804286406,-6.895978884693172,11.980898542870614,0.17582296277486997,0.00033521793251098565,0.000453634045511847,0.000350600202752071,0.0007795820806018542,8.311858078266878e-05,63,45,4.813185691833496,1.540128231048584,0.04641377180814743,0.022392332553863525,signal,0.0,0.0,106319,0.5
500,0.28490304946899414,-9.855813990990296,17.003964445776013,-1.1997663296126684,3.2275140013421724,0.17834793947805586,0.0003381867573127896,0.0004636248459642407,0.00035230273738261686,0.0007878333638512397,0.00014692091389000172,63,45,0.5662009716033936,0.17957518994808197,0.0485985167324543,0.08107082545757294,signal,0.0,0.0,106319,0.5
1000,0.3446570634841919,-5.598309149673094,6.379691879649612,1.2451844096637696,1.8381166163409368,0.1795090219363382,0.0003402087340750815,0.00046762082194378964,0.0003541590206143344,0.0007919273669555357,0.00017192520470759996,63,45,3.3053691387176514,0.2453659474849701,0.04986339807510376,0.1187000572681427,signal,0.0,0.0,106319,0.5
0,0.0,-14.721499063347508,59.07720864650867,nan,nan,0.17340725400929372,0.00033228888092181474,0.0004450402273260078,0.00034840263590245715,0.0007727638114817885,0.0,108,0,nan,nan,nan,nan,signal,0.0,0.0,106319,1.0
10,0.01375515852123499,-14.640239564705148,57.98211022150415,nan,nan,0.17345514498388515,0.00033247860528982183,0.0004452807483838642,0.0003485836231622821,0.0007730804355042897,3.843165772879106e-06,108,0,11.131108283996582,5.817602634429932,0.045390114188194275,0.00015942192112561315,signal,0.0,0.0,106319,1.0
50,0.0468941256403923,-14.204749192432136,52.449938095120814,nan,nan,0.17384048276394007,0.00033307478762448087,0.00044629535143011915,0.00034921009365368564,0.0007739696207890512,2.100080405860904e-05,108,0,0.8646548986434937,0.44624951481819153,0.042683620005846024,0.0021075154654681683,signal,0.0,0.0,106319,1.0
100,0.07164169102907181,-13.854208408835353,48.382789241367156,nan,nan,0.17436030218109663,0.0003335771500570325,0.0004485043895333446,0.00034936413829631663,0.0007756504607597259,3.6994156516522126e-05,108,0,4.280335426330566,2.2009646892547607,0.0448048934340477,0.005096937995404005,signal,0.0,0.0,106319,1.0
200,0.15938934683799744,-12.840207389477419,38.30811651367358,nan,nan,0.17600725507768133,0.0003354222164589808,0.0004541822059940149,0.0003507902469993511,0.0007800559989572987,8.713998631935982e-05,108,0,2.4727602005004883,1.0529781579971313,0.046637892723083496,0.024990230798721313,signal,0.0,0.0,106319,1.0
500,0.2960807681083679,-7.249393238709008,10.573271510466755,nan,nan,0.1786124812798491,0.00033869912720832913,0.0004641494346118414,0.000352936150886551,0.0007884648158507597,0.00015184368791479818,108,0,0.38006797432899475,0.16896526515483856,0.04916321486234665,0.08755888789892197,signal,0.0,0.0,106319,1.0
1000,0.36324456334114075,-2.597134608204725,3.6222925405770683,nan,nan,0.17999496941880141,0.00034149258412955076,0.00046831434616923954,0.00035583767846470826,0.0007932474663061984,0.0001810038215515872,108,0,1.9237511157989502,0.22196528315544128,0.049643516540527344,0.13187892735004425,signal,0.0,0.0,106319,1.0
0,0.0,-25.516673196520525,449.9811846755954,-20.221954352360388,166.42182695791536,0.17439340322873245,0.00031255708485506154,0.0004417832094499269,0.00032630802206275763,0.0007509605315867634,0.0,40,68,nan,nan,nan,nan,signal,0.0,0.0,120717,0.25
10,0.018632525578141212,-25.521942105440512,450.5274381431193,-20.207871457798934,165.88304387955202,0.17463122663805222,0.0003127451105914244,0.00044262738159127715,0.00032637285107473625,0.0007515400418552008,8.884073208092573e-06,40,68,9102.443359375,2787.589111328125,0.045574769377708435,0.00032052811002358794,signal,0.0,0.0,120717,0.25
50,0.03053377754986286,-25.49119571445658,447.34913975745303,-20.21608856084827,166.19720131132246,0.17463510681689498,0.00031277339682283357,0.0004421191108315792,0.0003265834620698017,0.0007511571563791614,1.2367746608854473e-05,40,68,7.691572666168213,2.389864206314087,0.044886477291584015,0.0009283660328947008,signal,0.0,0.0,120717,0.25
100,0.049051593989133835,-25.45363299835252,443.49664105569394,-20.179310779171402,164.79571992566392,0.17477735984498824,0.00031286788567110485,0.0004419395610158468,0.00032684465900397337,0.0007509390847656278,2.1891778328615017e-05,40,68,8.535958290100098,2.290482997894287,0.04128305986523628,0.002400493249297142,signal,0.0,0.0,120717,0.25
200,0.09844894707202911,-25.40078015778048,438.1320774981404,-20.140350900021872,163.32397454940192,0.17507718845036194,0.00031322813156976,0.000441826341560157,0.0003275150329062728,0.0007509014153985594,4.1091434515839186e-05,40,68,20.92623519897461,6.5104899406433105,0.042544227093458176,0.009679802693426609,signal,0.0,0.0,120717,0.25
500,0.32680702209472656,-15.916465663132708,49.33709807203854,-8.93212600789771,12.365948995653191,0.17945842625458666,0.0003171339270626629,0.00045910895156255223,0.000329215648148847,0.0007644302277537737,0.00015498376127140703,40,68,16.175626754760742,4.034258842468262,0.04866870492696762,0.10670643299818039,signal,0.0,0.0,120717,0.25
1000,0.40051203966140747,-13.890382250850841,30.943202551098285,-5.499954496241863,5.61061281991995,0.1811978374042419,0.0003202012511109978,0.0004650898138519716,0.00033213001766329377,0.000771154969377017,0.0001919741326761849,40,68,250.79051208496094,31.30035972595215,0.04539300873875618,0.1597643345594406,signal,0.0,0.0,120717,0.25
0,0.0,-24.211114565195476,349.36384172029904,-20.2717170914211,176.69717839682042,0.17439340322873245,0.00031255708485506154,0.0004417832094499269,0.00032630802206275763,0.0007509605315867634,0.0,63,45,nan,nan,nan,nan,signal,0.0,0.0,120717,0.5
10,0.018791137263178825,-24.216058126685084,349.7617479927173,-20.253298615681867,175.94939056962406,0.17464651358592645,0.00031275625955435037,0.00044271387022877843,0.00032636636362085757,0.0007516081120025615,9.230542174155557e-06,63,45,6782.0859375,2763.738037109375,0.04811866208910942,0.0003234411124140024,signal,0.0,0.0,120717,0.5
50,0.03149177134037018,-24.19323311465545,347.9283436160162,-20.233250920533443,175.13905312761958,0.17472617439728172,0.00031283977912068,0.00044261799312419277,0.000326546203773269,0.0007515192592861446,1.3903301294499872e-05,63,45,5.743503570556641,2.375019073486328,0.04783286154270172,0.0009865104220807552,signal,0.0,0.0,120717,0.5
100,0.05547541752457619,-24.17165622168795,346.20403099305065,-20.168537696316772,172.5486933909758,0.174994996684426,0.000313041547903635,0.0004430073665173443,0.00032681008507940546,0.0007517103389124785,2.5673849867295963e-05,63,45,6.208613872528076,2.211604118347168,0.04368859902024269,0.0030694440938532352,signal,0.0,0.0,120717,0.5
200,0.1894976794719696,-23.109619057658136,271.0993047644523,-18.061737951548743,106.22621336641454,0.17726673854544805,0.0003146626668310732,0.00045159836528537307,0.0003273319800384729,0.0007577830026858596,9.397664584699673e-05,63,45,10.108414649963379,3.746087074279785,0.047994084656238556,0.035788990557193756,signal,0.0,0.0,120717,0.5
500,0.362137109041214,-12.613982309730623,24.18603789740906,-6.346141743109207,7.156028798571243,0.18087230031206084,0.0003188846385744363,0.0004648003401462938,0.000330356361698009,0.0007695910377247592,0.0001782203026564663,63,45,11.393632888793945,3.5374906063079834,0.053590014576911926,0.13099367916584015,signal,0.0,0.0,120717,0.5
1000,0.5563938617706299,-4.486171602896174,3.7220624736745007,2.2145918481761115,0.9967786345623117,0.1861684055993489,0.0003297502887756089,0.00048095895318615156,0.000341648172204119,0.0007906781922713589,0.0002720558851778043,63,45,1.251582384109497,0.4090624451637268,0.050071049481630325,0.3095075190067291,signal,0.0,0.0,120717,0.5
0,0.0,-22.97064856533528,286.666226444442,nan,nan,0.17439340322873245,0.00031255708485506154,0.0004417832094499269,0.00032630802206275763,0.0007509605315867634,0.0,108,0,nan,nan,nan,nan,signal,0.0,0.0,120717,1.0
10,0.019980426877737045,-22.97060245841173,286.6631830653113,nan,nan,0.17466865876136906,0.0003127693992515354,0.0004428380532664742,0.0003263522745651798,0.0007516941562462036,9.88918437567321e-06,108,0,5126.7333984375,2785.705078125,0.047831129282712936,0.000351862923707813,signal,0.0,0.0,120717,1.0
50,0.036768991500139236,-22.939390076840063,284.61034434489073,nan,nan,0.17487686209300055,0.00031294666776220977,0.00044346105025112767,0.0003264749747221313,0.0007521296752296999,1.763774771167066e-05,108,0,4.320328235626221,2.3573596477508545,0.047331102192401886,0.0013426493387669325,signal,0.0,0.0,120717,1.0
100,0.08037738502025604,-22.945215002468558,284.99233086115294,nan,nan,0.175523679497368,0.0003134502802270777,0.00044549157110777414,0.0003267713857306956,0.0007535332926177472,4.0009910543409886e-05,108,0,4.231097221374512,1.8782685995101929,0.043901924043893814,0.006442663259804249,signal,0.0,0.0,120717,1.0
200,0.22812141478061676,-17.317765422143715,77.99885281834486,nan,nan,0.17803232502722588,0.000315078506051356,0.00045600453306308606,0.0003267427801209706,0.0007610548376842221,0.0001123996603941415,108,0,5.773033618927002,3.0323145389556885,0.0484907440841198,0.05201902240514755,signal,0.0,0.0,120717,1.0
500,0.31838080286979675,-12.650606941717978,26.630073630229585,nan,nan,0.1797432467384907,0.0003170297300012896,0.0004625174411791529,0.00032807061737186887,0.0007667919680393973,0.000153628886758432,108,0,8.632132530212402,4.030265808105469,0.05235971510410309,0.10128089785575867,signal,0.0,0.0,120717,1.0
1000,0.3948447108268738,-10.139776840739492,14.937893442654081,nan,nan,0.18196978100930744,0.0003206448164222011,0.0004702950010911293,0.00033132569514502665,0.0007751335588011453,0.0001969799835794405,108,0,59.17106628417969,16.744421005249023,0.04872085899114609,0.15545383095741272,signal,0.0,0.0,120717,1.0
0,0.0,-29.585924173909113,324.4805959439076,-22.32784351302471,43.00284182706094,0.1747288505215207,0.0003093042149979242,0.0004208497547848601,0.0003233813504104159,0.00072880006256572,0.0,40,68,nan,nan,nan,nan,signal,0.0,0.0,121618,0.25
10,0.01844966784119606,-28.765153662076326,268.6035076575589,-21.621631896421896,36.54904175294103,0.1749174644256131,0.0003096557513586164,0.0004216884661847741,0.0003236171901284076,0.0007294998361016514,8.813395985936275e-06,40,68,8.547348022460938,2.350048542022705,0.04378844052553177,0.0003043354954570532,signal,0.0,0.0,121618,0.25
50,0.0580194815993309,-26.94783038683787,176.75811124246047,-19.93127261563048,24.7650989167256,0.1754827556971868,0.0003105598043266212,0.0004239729521798796,0.00032421008712611206,0.0007313756807549066,3.1224693547696424e-05,40,68,1.8982152938842773,0.4619353115558624,0.04357695206999779,0.003326644655317068,signal,0.0,0.0,121618,0.25
100,0.09487304836511612,-25.85121404791263,137.31491687932302,-18.46361775766351,17.66341127559196,0.17612516818251675,0.00031151149835682054,0.0004268700726926501,0.00032468475680654945,0.0007338118281237759,5.344614762406463e-05,40,68,2.2680881023406982,0.562170147895813,0.04698249697685242,0.00892991665750742,signal,0.0,0.0,121618,0.25
200,0.15337255597114563,-24.593018399929885,102.77752461670649,-17.042776701710984,12.734751524221933,0.17708490143911107,0.00031297618235094014,0.0004314246085110872,0.00032536079372358205,0.0007376856450645649,8.368241110040109e-05,40,68,49.92585372924805,19.439287185668945,0.045601826161146164,0.0234538447111845,signal,0.0,0.0,121618,0.25
500,0.2269623726606369,-22.53839089838721,64.03765254059799,-16.00476860007317,10.027430611990127,0.17852867307261727,0.00031537323614857295,0.0004373671704239204,0.00032699233660634107,0.0007433089899188593,0.00011950532768793472,40,68,4.0617780685424805,0.8352771401405334,0.04582824558019638,0.05160420015454292,signal,0.0,0.0,121618,0.25
1000,0.24698495864868164,-22.392571483325014,61.92321007129972,-15.832753079118117,9.638026439160761,0.17893808215129217,0.0003155585337179126,0.0004395320349350966,0.0003267348981076614,0.000745018395068285,0.00012812508432140447,40,68,1.6051807403564453,0.3219940662384033,0.04590265452861786,0.06105637922883034,signal,0.0,0.0,121618,0.25
0,0.0,-28.06488409583863,194.55850276164765,-22.296576862951593,43.648029486668385,0.1747288505215207,0.0003093042149979242,0.0004208497547848601,0.0003233813504104159,0.00072880006256572,0.0,63,45,nan,nan,nan,nan,signal,0.0,0.0,121618,0.5
10,0.02154931239783764,-27.011250145827134,152.6464893011486,-21.389272433006393,35.41882903069067,0.1749775205360677,0.0003097216313082183,0.00042194665483154205,0.0003236360127911077,0.0007296898752094518,1.102163809318077e-05,63,45,6.623916149139404,2.8455052375793457,0.04489802196621895,0.0004007764218840748,signal,0.0,0.0,121618,0.5
50,0.06622643023729324,-25.079378212787432,97.83621148583536,-19.547603258621656,23.17753692274527,0.17565900983923036,0.00031072084262000595,0.0004248011852688175,0.0003241982566810216,0.0007319970583611223,3.687679589597514e-05,63,45,1.3545595407485962,0.45686376094818115,0.04483693093061447,0.004343141335994005,signal,0.0,0.0,121618,0.5
100,0.10740555822849274,-24.091575626447103,77.93263643475501,-18.02156110036439,16.31034193325911,0.17636677797178943,0.00031178218547297046,0.00042796670477189227,0.000324753106341194,0.0007346760377207384,6.058460752771922e-05,63,45,1.63933265209198,0.5537174940109253,0.0482240691781044,0.011422600597143173,signal,0.0,0.0,121618,0.5
200,0.16102224588394165,-22.751459186226896,57.241067512417075,-16.867137103464852,12.503185257242883,0.1772787672573243,0.0003132146398837748,0.00043217027760056006,0.000325489451344745,0.0007383207553682791,8.805405895529885e-05,63,45,20.948318481445312,11.008153915405273,0.046530332416296005,0.02585381455719471,signal,0.0,0.0,121618,0.5
500,0.24256299436092377,-20.864061052241777,37.06533341535096,-15.630349003798242,9.404633076020023,0.1789030917898726,0.00031637144881076733,0.0004387272512121667,0.0003279952995396926,0.0007449527511575354,0.00012819479294016504,63,45,2.8459930419921875,0.8012524843215942,0.04715150222182274,0.058994755148887634,signal,0.0,0.0,121618,0.5
1000,0.38905003666877747,-17.969307415008203,19.03235577215669,-11.797782130949734,3.8912144752750684,0.18242675401369657,0.0003266251955587424,0.0004521723128122682,0.0003381306244454894,0.0007625066469361212,0.00020399890681949072,63,45,1.134872317314148,0.2504209876060486,0.047177378088235855,0.15105469524860382,signal,0.0,0.0,121618,0.5
0,0.0,-26.476792154685292,125.50527867370413,nan,nan,0.1747288505215207,0.0003093042149979242,0.0004208497547848601,0.0003233813504104159,0.00072880006256572,0.0,108,0,nan,nan,nan,nan,signal,0.0,0.0,121618,1.0
10,0.023562196642160416,-25.297307008256237,95.65627784832351,nan,nan,0.17501259254611862,0.0003097568895974249,0.00042213229082452394,0.0003236312701653849,0.0007298278465842563,1.2405925434627272e-05,108,0,5.008147716522217,2.760223150253296,0.04656312242150307,0.00047178988461382687,signal,0.0,0.0,121618,1.0
50,0.06951693445444107,-23.42044877068,62.09085696882724,nan,nan,0.17571736929569637,0.00031075887439900135,0.0004251662008268098,0.0003241424109342885,0.0007322699842678532,3.8911841702236644e-05,108,0,0.9741119742393494,0.4508298635482788,0.04597681015729904,0.004787968471646309,signal,0.0,0.0,121618,1.0
100,0.10864561796188354,-22.45069966638035,49.665263449009096,nan,nan,0.17639360375811125,0.0003117691569535838,0.000428147036736605,0.0003246845878521338,0.0007347907257793625,6.120892626923215e-05,108,0,1.1880383491516113,0.5523167848587036,0.05017458274960518,0.011691749095916748,signal,0.0,0.0,121618,1.0
200,0.1663767695426941,-20.89591496413091,34.719564841693526,nan,nan,0.1774014423538072,0.00031348169889233436,0.00043258896064142434,0.00032573865661844517,0.0007387788926692182,9.109815441569014e-05,108,0,11.35779857635498,7.250839710235596,0.048223305493593216,0.027463382109999657,signal,0.0,0.0,121618,1.0
500,0.29071494936943054,-18.5600505941978,20.27625929105976,nan,nan,0.1797674416929284,0.00031957782339667797,0.00044200524230553006,0.0003313500180021442,0.0007496931143698926,0.00015192680123279125,108,0,1.916155457496643,0.750179648399353,0.048795003443956375,0.08405613899230957,signal,0.0,0.0,121618,1.0
1000,0.4259803295135498,-16.268165473234124,11.961876774628884,nan,nan,0.18300815663967301,0.0003296484582377668,0.00045355910793088756,0.00034181712170319153,0.0007660416865694374,0.000218802558070746,108,0,0.7622421979904175,0.249602809548378,0.04826391115784645,0.18125708401203156,signal,0.0,0.0,121618,1.0
0,0.0,-28.887898736794053,714.9637664984225,-23.3204300004543,172.83877754872324,0.1566807853915402,0.0003758220527910952,0.0004692771534623666,0.00038830204935810363,0.0008158189911938761,0.0,40,68,nan,nan,nan,nan,signal,0.0,0.0,116726,0.25
10,0.02109847217798233,-28.827685828312838,705.1195272473761,-23.304536505028533,172.207410570717,0.15652314582459065,0.0003754104630774908,0.000468671519751546,0.0003879293841134556,0.000815218956506711,9.039783807667872e-06,40,68,815.3307495117188,165.79327392578125,0.03676675632596016,0.0003714334452524781,signal,0.0,0.0,116726,0.25
50,0.06025727838277817,-28.78591687786315,698.3704372458253,-23.27873909291265,171.18751798494895,0.1562393096907868,0.0003746755696946299,0.00046762711638661576,0.00038725554060876346,0.0008142541773655485,2.7898596877068414e-05,40,68,1142.5467529296875,489.5154724121094,0.04038732126355171,0.0035544915590435266,signal,0.0,0.0,116726,0.25
100,0.07575960457324982,-28.696817484979007,684.188716569359,-23.25781736007368,170.36482125839413,0.15596919543206822,0.000374283889214435,0.0004663115427336333,0.00038711632661264867,0.0008132162652895253,3.342320152182077e-05,40,68,1.8270657062530518,0.6142948865890503,0.03622671216726303,0.005705270450562239,signal,0.0,0.0,116726,0.25
200,0.14371512830257416,-28.61479763160486,671.3885374663378,-23.20879871979672,168.45273163718988,0.15531163802443745,0.0003736330795510621,0.00046303321233429073,0.0003871195548562868,0.0008108064176491069,5.42796108358121e-05,40,68,1.4741737842559814,0.4798799157142639,0.03619955852627754,0.020397968590259552,signal,0.0,0.0,116726,0.25
500,0.3796846270561218,-28.121512403508063,599.3015480358101,-23.218652139867906,168.83535678361193,0.15338223575228205,0.0003732744995968514,0.0004569248586878729,0.0003881535550559446,0.0008097095443465982,0.00012501230910532006,40,68,2766.274658203125,992.5436401367188,0.03511670604348183,0.14381036162376404,signal,0.0,0.0,116726,0.25
1000,0.5613558292388916,-27.90193960383215,569.7549664595855,-23.32302094173415,172.9419215555947,0.15275437619143264,0.0003737929074153144,0.00045536035127079455,0.0003894569537567535,0.0008106024839353226,0.00015306457970872765,40,68,7.103072643280029,1.7030097246170044,0.04148998111486435,0.31479164958000183,signal,0.0,0.0,116726,0.25
0,0.0,-27.558568981992554,504.65425250212087,-23.318394741191945,170.5092175678996,0.1566807853915402,0.0003758220527910952,0.0004692771534623666,0.00038830204935810363,0.0008158189911938761,0.0,63,45,nan,nan,nan,nan,signal,0.0,0.0,116726,0.5
10,0.020514335483312607,-27.50540876660283,498.5146386346892,-23.30132034356678,169.8401723035715,0.1565235765382567,0.00037541278545403877,0.00046866481006887996,0.000387935483301683,0.0008152092566247908,8.827495411477277e-06,63,45,577.0660400390625,163.75119018554688,0.0376225970685482,0.0003531402617227286,signal,0.0,0.0,116726,0.5
50,0.05959467962384224,-27.45714247387578,493.004957475552,-23.273975924323153,168.774169588386,0.15621658054410908,0.0003746510345524398,0.0004675069557345538,0.000387256378790454,0.0008141664209119793,2.7836119222337124e-05,63,45,897.8346557617188,484.6892395019531,0.04711949825286865,0.003477687481790781,signal,0.0,0.0,116726,0.5
100,0.07748288661241531,-27.371970526579943,483.4305498322424,-23.251234918515067,167.89272547138665,0.15593924154442682,0.0003742438753278758,0.0004661213049727417,0.00038712153279453775,0.0008130653958295607,3.402700558389071e-05,63,45,1.3909478187561035,0.6226609945297241,0.037577662616968155,0.005950233433395624,signal,0.0,0.0,116726,0.5
200,0.1479019969701767,-27.30007062989372,475.49297172914777,-23.18929843925128,165.51533269409381,0.15529253077640856,0.000373555352534018,0.00046285445380394295,0.0003870880401596311,0.0008106590866327657,5.619349333689937e-05,63,45,1.1175674200057983,0.48246487975120544,0.03691325709223747,0.021598663181066513,signal,0.0,0.0,116726,0.5
500,0.38931792974472046,-26.874796491998477,431.13838266523277,-23.199527609336698,165.9056392793902,0.1533635809193541,0.0003732319672408485,0.0004567996960277342,0.00038817774572125316,0.0008096588786137428,0.00012690585144858882,63,45,2085.271728515625,977.7127685546875,0.03580356761813164,0.15120945870876312,signal,0.0,0.0,116726,0.5
1000,0.5768490433692932,-26.681936574681067,412.4114330543906,-23.30050114659201,169.80813887006406,0.15284681772668932,0.00037372137057451366,0.0004554491740591562,0.00038941499303893383,0.000810347097060813,0.00015316046314576943,63,45,5.083255290985107,1.7154802083969116,0.04832287132740021,0.33240973949432373,signal,0.0,0.0,116726,0.5
0,0.0,-26.252569931861554,356.52318136432854,nan,nan,0.1566807853915402,0.0003758220527910952,0.0004692771534623666,0.00038830204935810363,0.0008158189911938761,0.0,108,0,nan,nan,nan,nan,signal,0.0,0.0,116726,1.0
10,0.019543956965208054,-26.208529417309727,352.9260551080829,nan,nan,0.15653109596034348,0.00037542605614489396,0.00046868112039921586,0.0003879509261449286,0.0008152176773568402,8.390692046152619e-06,108,0,404.8782958984375,163.4361114501953,0.037738725543022156,0.000322838022839278,signal,0.0,0.0,116726,1.0
50,0.05775018036365509,-26.153770874320195,348.50408050408384,nan,nan,0.15619748058434693,0.0003746390305675638,0.00046737555781055314,0.0003872800360863863,0.0008140698847729946,2.7134314822094543e-05,108,0,718.12646484375,479.1806640625,0.04804874211549759,0.003270239569246769,signal,0.0,0.0,116726,1.0
100,0.08007965981960297,-26.08470627582557,343.0057556688506,nan,nan,0.15591823510629782,0.0003742044179763828,0.0004658863542632433,0.0003871482016501218,0.0008128634759010707,3.444699558340907e-05,108,0,1.0717557668685913,0.624100387096405,0.03782372549176216,0.006334095727652311,signal,0.0,0.0,116726,1.0
200,0.16042134165763855,-26.005416213080373,336.80024700337447,nan,nan,0.15522757426701259,0.00037341954608643724,0.0004623727301039114,0.00038706816865844264,0.0008103553936108142,6.104658201878625e-05,108,0,0.8631479740142822,0.4894255995750427,0.03703537583351135,0.02546102926135063,signal,0.0,0.0,116726,1.0
500,0.4033956527709961,-25.665645807870447,311.4550383807944,nan,nan,0.15343036025833162,0.0003732097970769329,0.00045671119659604895,0.00038827655004099827,0.000809531847015985,0.00012873053755956354,108,0,1601.951171875,965.8296508789062,0.03601054847240448,0.16245633363723755,signal,0.0,0.0,116726,1.0
1000,0.5966214537620544,-25.5278769331556,301.7299865052985,nan,nan,0.15305831189676003,0.0003736212426840496,0.00045563409063310395,0.000389374732981179,0.0008099717737302096,0.00015264680709262615,108,0,3.611233711242676,1.7102317810058594,0.048027992248535156,0.35557013750076294,signal,0.0,0.0,116726,1.0
0,0.0,-17.735472002074985,88.33038214855918,-10.857478865965707,30.306551153446964,0.17340725400929372,0.00033228888092181474,0.0004450402273260078,0.00034840263590245715,0.0007727638114817885,0.0,40,68,nan,nan,nan,nan,directional,0.0,0.0,106319,0.25
10,0.02075001411139965,-17.51255059307153,83.91082063634563,-10.531543517618898,28.115316847928018,0.173666638775999,0.000332465744579431,0.0004457906723119825,0.0003485119548933172,0.0007731775666510453,1.0078600809841232e-05,40,68,20.21373176574707,5.873692989349365,0.044745512306690216,0.0003769833710975945,directional,0.0,0.0,106319,0.25
50,0.06330793350934982,-17.145288862125312,77.10664295488097,-9.755890485303748,23.516770394364332,0.17429634420225934,0.00033302872537352245,0.0004476351606680559,0.0003489469241037906,0.0007743596278744512,3.296711632993732e-05,40,68,1.5075206756591797,0.41899898648262024,0.041746847331523895,0.003880890551954508,directional,0.0,0.0,106319,0.25
100,0.1306009590625763,-16.73853093856846,70.21275319516536,-7.661042757627781,14.517535817465538,0.1754132913051575,0.0003337240797910884,0.00045259361789800614,0.000348821759309856,0.000777820439186021,6.768805915725579e-05,40,68,7.741311073303223,2.164900779724121,0.04501732438802719,0.01678178831934929,directional,0.0,0.0,106319,0.25
200,0.18703456223011017,-16.23891600037853,62.582730728277674,-5.051753070356174,7.960932424337447,0.17654380685483573,0.00033508212616544463,0.000456192479004269,0.00034996802442097634,0.0007807150694528566,9.853318111527508e-05,40,68,2.771108388900757,0.4643002152442932,0.0464978888630867,0.03487866371870041,directional,0.0,0.0,106319,0.25
500,0.28589770197868347,-12.26971731890476,25.09196314849901,-1.4249474181081618,3.4536901521121086,0.17849626290778792,0.00033726210607647173,0.0004628562706968792,0.00035150808366993925,0.0007861706011844663,0.0001431595148585998,40,68,0.8471860885620117,0.19024303555488586,0.04828491806983948,0.08159969747066498,directional,0.0,0.0,106319,0.25
1000,0.340265154838562,-8.520579271619061,10.58329340229889,0.8788982057361092,2.031883529114525,0.1797232399607918,0.00033911390285481564,0.0004664979324976009,0.0003533263210312931,0.0007897353921248899,0.00016652425347123037,40,68,5.870450019836426,0.30813875794410706,0.04939188435673714,0.11565802991390228,directional,0.0,0.0,106319,0.25
0,0.0,-16.252616823616705,74.17037443600401,-10.830517741174376,29.644441735591176,0.17340725400929372,0.00033228888092181474,0.0004450402273260078,0.00034840263590245715,0.0007727638114817885,0.0,63,45,nan,nan,nan,nan,directional,0.0,0.0,106319,0.5
10,0.02074022963643074,-16.019542242927955,70.29476985787316,-10.502609413948127,27.488588714362418,0.17366650624070654,0.0003324653410991037,0.00044579080757819556,0.0003485113044704934,0.0007731775511541906,1.0070905781591072e-05,63,45,14.954999923706055,5.841589450836182,0.0452737919986248,0.000376789626898244,directional,0.0,0.0,106319,0.5
50,0.06313098222017288,-15.615299188671855,64.04698761800266,-9.725394872819308,22.984284529661547,0.17429285861096586,0.00033302585302333375,0.0004476184394486494,0.00034894736388308117,0.00077434654246316,3.28641997222628e-05,63,45,1.109267234802246,0.41738155484199524,0.04253477603197098,0.003858675016090274,directional,0.0,0.0,106319,0.5
100,0.13038845360279083,-15.070177892927585,56.49195160667379,-7.621465549131138,14.159178503927613,0.17540819752209363,0.00033371788186710324,0.00045256833061545573,0.0003488196637585137,0.0007777981997977172,6.754418348094458e-05,63,45,5.702347755432129,2.160597085952759,0.04546891897916794,0.01672741211950779,directional,0.0,0.0,106319,0.5
200,0.1868661791086197,-14.468445825447084,49.18281381201375,-4.976313214320067,7.7005691201788204,0.17653639508517857,0.0003350782132243775,0.00045616238063599486,0.0003499700298177922,0.0007806920878691989,9.841281123152701e-05,63,45,1.9898196458816528,0.5465944409370422,0.04682881012558937,0.03481301665306091,directional,0.0,0.0,106319,0.5
500,0.2861790955066681,-10.482184774116794,19.642070546672258,-1.2754111402746773,3.284222832269545,0.17849979914838154,0.0003372638763081622,0.00046288125664890114,0.0003515031512011473,0.0007861880426864308,0.00014331455113914302,63,45,0.6049627065658569,0.1877284049987793,0.048535119742155075,0.0817575752735138,directional,0.0,0.0,106319,0.5
1000,0.33965128660202026,-6.853763059260736,8.518146303693921,1.0300076723085614,1.9314823094467335,0.1797119967015385,0.0003391152483433313,0.00046647498224582947,0.00035332892346235506,0.0007897226641986618,0.00016651352169184488,63,45,3.8271732330322266,0.30026477575302124,0.0497758723795414,0.11524245887994766,directional,0.0,0.0,106319,0.5
0,0.0,-14.721499063347508,59.07720864650867,nan,nan,0.17340725400929372,0.00033228888092181474,0.0004450402273260078,0.00034840263590245715,0.0007727638114817885,0.0,108,0,nan,nan,nan,nan,directional,0.0,0.0,106319,1.0
10,0.02070584148168564,-14.472849893593473,55.789831542968045,nan,nan,0.17366610232468993,0.00033246511029070327,0.00044578969888677943,0.000348511142383253,0.0007731769132378392,1.0057479455000518e-05,108,0,11.136078834533691,5.816413879394531,0.04547366127371788,0.00037578289629891515,directional,0.0,0.0,106319,1.0
50,0.06289925426244736,-14.01171288109958,50.16968206331923,nan,nan,0.17428909826396183,0.00033302482120962034,0.0004476040711144187,0.0003489492804267564,0.0007743385413262624,3.2748064434557535e-05,108,0,0.8211768865585327,0.41738587617874146,0.0428243912756443,0.0038310266099870205,directional,0.0,0.0,106319,1.0
100,0.12999607622623444,-13.256390227437675,42.16082334155324,nan,nan,0.17540085098071448,0.0003337137025271803,0.00045253788474486974,0.00034882053062049796,0.0007777769471426605,6.733526663455287e-05,108,0,4.221095561981201,2.1539533138275146,0.04570828750729561,0.016626909375190735,directional,0.0,0.0,106319,1.0
200,0.18658548593521118,-12.474881456125601,35.21747429748863,nan,nan,0.17652957476217448,0.0003350744669164828,0.0004561336008738474,0.0003499720625285513,0.000780671526441692,9.826144641145205e-05,108,0,1.3982914686203003,0.5564984679222107,0.04701877385377884,0.034709274768829346,directional,0.0,0.0,106319,1.0
500,0.2850451171398163,-8.583555239419992,14.375586911464827,nan,nan,0.17847397960954745,0.00033723818527867837,0.0004627819694054097,0.0003514906896282501,0.0007861022519792292,0.0001427971038412992,108,0,0.4329260289669037,0.18839332461357117,0.04912732541561127,0.08111575990915298,directional,0.0,0.0,106319,1.0
1000,0.3378572165966034,-5.1521744176177755,6.523602679936001,nan,nan,0.1796771543784718,0.00033904516031171004,0.000466325431287296,0.00035327161341979467,0.0007895636586007684,0.00016574684516141504,108,0,2.4347620010375977,0.31186771392822266,0.04995463415980339,0.11402184516191483,directional,0.0,0.0,106319,1.0
0,0.0,-25.516673196520525,449.9811846755954,-20.221954352360388,166.42182695791536,0.17439340322873245,0.00031255708485506154,0.0004417832094499269,0.00032630802206275763,0.0007509605315867634,0.0,40,68,nan,nan,nan,nan,directional,0.0,0.0,120717,0.25
10,0.019956305623054504,-25.539986560451005,452.4032239232041,-20.185915722379878,165.04653924993264,0.174700522445682,0.00031276341205979126,0.0004430087541675422,0.000326304380938657,0.0007517836042896285,1.038550229289583e-05,40,68,9118.3779296875,2785.153076171875,0.04559020698070526,0.0003389033954590559,directional,0.0,0.0,120717,0.25
50,0.04584799334406853,-25.603611947400758,459.0798486981754,-20.02682197632833,159.10984319176148,0.17517355135897889,0.00031310145270973296,0.0004454075620990305,0.00032617827624986114,0.000753539602144701,2.5347655803699844e-05,40,68,7.597260475158691,2.3131275177001953,0.04534594714641571,0.002082726452499628,directional,0.0,0.0,120717,0.25
100,0.1029198095202446,-25.64528923114149,463.5066380424491,-19.761451391211114,149.67869540661871,0.17609758163800635,0.0003137625533104667,0.00044913444613534184,0.00032628413596149904,0.0007562358502693315,5.3865416926626416e-05,40,68,6.745883464813232,1.613138198852539,0.04238942265510559,0.010559220798313618,directional,0.0,0.0,120717,0.25
200,0.22732478380203247,-19.70975870817118,118.1688219326109,-13.802986803522835,37.95889229130533,0.17818040404926133,0.0003150523290102177,0.00045749316354202417,0.0003263119795397825,0.0007621843557778519,0.00011184256018186235,40,68,10.41210651397705,3.0673840045928955,0.045736536383628845,0.05166280269622803,directional,0.0,0.0,120717,0.25
500,0.33056503534317017,-15.490890302698158,44.73176816364779,-8.138120177827457,10.299754373907529,0.1801770645000075,0.00031748259241598433,0.00046561306841306994,0.00032781109182481875,0.0007693735553059579,0.00015888091317231296,40,68,16.68874168395996,3.994840621948242,0.0505058653652668,0.10908425599336624,directional,0.0,0.0,120717,0.25
1000,0.5205501914024353,-7.985591739593472,7.944859274568442,1.7069483829380419,1.0673823369046533,0.1855645054207571,0.00032708986676093784,0.0004826315163455788,0.0003372347983768651,0.0007892923323554827,0.0002538740106341992,40,68,2.2676186561584473,0.4287283718585968,0.04753896966576576,0.27091270685195923,directional,0.0,0.0,120717,0.25
0,0.0,-24.211114565195476,349.36384172029904,-20.2717170914211,176.69717839682042,0.17439340322873245,0.00031255708485506154,0.0004417832094499269,0.00032630802206275763,0.0007509605315867634,0.0,63,45,nan,nan,nan,nan,directional,0.0,0.0,120717,0.5
10,0.01984541118144989,-24.225758132570657,350.54381702208264,-20.236876501545193,175.28532391237573,0.174699823829392,0.0003127630648710427,0.0004430029759445673,0.0003263057608059425,0.0007517799520322016,1.0346382808521631e-05,63,45,6788.19482421875,2762.169921875,0.04812399297952652,0.00033576833084225655,directional,0.0,0.0,120717,0.5
50,0.04569670930504799,-24.25800082949666,353.1559933729373,-20.080957012762923,169.1038933393148,0.17517319747938795,0.0003131016513452516,0.0004454116121717866,0.0003261769780115329,0.0007535445793644009,2.530571339307044e-05,63,45,5.668654441833496,2.3132636547088623,0.04828391596674919,0.0020689284428954124,directional,0.0,0.0,120717,0.5
100,0.10281503945589066,-24.25784996622467,353.143725811286,-19.820287683462,159.25265215397866,0.17610040932721643,0.000313764882234699,0.00044915496497015907,0.000326281940807559,0.0007562527941874979,5.387711016077017e-05,63,45,4.875794410705566,1.6209150552749634,0.044728778302669525,0.010537585243582726,directional,0.0,0.0,120717,0.5
200,0.22771990299224854,-18.26566185531709,88.86539662934673,-13.852081705510976,40.296383951126266,0.1781916464499842,0.0003150599039461316,0.0004575599110864973,0.00032630608002523357,0.000762239200418561,0.0001120589866182525,63,45,7.709841251373291,3.0494863986968994,0.04974040016531944,0.05184370279312134,directional,0.0,0.0,120717,0.5
500,0.330148309469223,-13.96436480510727,33.006766326527405,-8.20658030316158,10.982872342126344,0.1801689123857563,0.00031746827654922867,0.000465701663035773,0.00032775509333794663,0.000769443633936427,0.00015859990420607708,63,45,12.088687896728516,4.044139862060547,0.05453415587544441,0.10881004482507706,directional,0.0,0.0,120717,0.5
1000,0.5211981534957886,-6.259383059352207,5.598926985725394,1.6521359997236935,1.1346039871001254,0.18556914760383042,0.00032709560528533586,0.00048267644166578356,0.000337226903220359,0.0007893354870997371,0.0002539566092574492,63,45,1.6121413707733154,0.45062577724456787,0.05098229646682739,0.2715846300125122,directional,0.0,0.0,120717,0.5
0,0.0,-22.97064856533528,286.666226444442,nan,nan,0.17439340322873245,0.00031255708485506154,0.0004417832094499269,0.00032630802206275763,0.0007509605315867634,0.0,108,0,nan,nan,nan,nan,directional,0.0,0.0,120717,1.0
10,0.01983180269598961,-22.974261619614595,286.90481377034257,nan,nan,0.17469972265864475,0.0003127629986734376,0.00044300248604659106,0.0003263058037117547,0.0007517796145711363,1.0343002843451116e-05,108,0,5128.1708984375,2785.553955078125,0.04782697930932045,0.0003359501715749502,directional,0.0,0.0,120717,1.0
50,0.0457165353000164,-22.96538396487957,286.318934722247,nan,nan,0.17517399204271916,0.00031310255460260624,0.00044541605315691595,0.0003261769927921186,0.0007535481814797144,2.5331787080309618e-05,108,0,4.276305198669434,2.3204872608184814,0.047625862061977386,0.0020703901536762714,directional,0.0,0.0,120717,1.0
100,0.10313044488430023,-22.909111578025595,282.63297560816426,nan,nan,0.17610712378753135,0.0003137699351983582,0.00044918256018075265,0.000326283301613751,0.000756271807803161,5.409822994229178e-05,108,0,3.504909038543701,1.611767292022705,0.044408321380615234,0.010602416470646858,directional,0.0,0.0,120717,1.0
200,0.22828981280326843,-16.8500609286164,70.03542459275204,nan,nan,0.17820786968768332,0.0003150742382969616,0.0004576119189574002,0.0003263163872139913,0.0007622791675703928,0.00011248367035922584,108,0,5.765088081359863,3.056196451187134,0.04904453083872795,0.05210287868976593,directional,0.0,0.0,120717,1.0
500,0.3300304114818573,-12.36221809726789,24.919164830574598,nan,nan,0.18017918531275276,0.00031748895533984965,0.00046572456748759363,0.0003277798338805466,0.0007694721349011558,0.00015885628225806525,108,0,8.685359001159668,3.993182897567749,0.05322948098182678,0.10872949659824371,directional,0.0,0.0,120717,1.0
1000,0.52094566822052,-4.368292928868215,3.954949714034922,nan,nan,0.1855800301354777,0.0003271252164138553,0.00048276131832915894,0.00033723932687359116,0.0007894221658246263,0.0002541094211924534,108,0,1.1234878301620483,0.44837096333503723,0.0498957633972168,0.2713228166103363,directional,0.0,0.0,120717,1.0
0,0.0,-29.585924173909113,324.4805959439076,-22.32784351302471,43.00284182706094,0.1747288505215207,0.0003093042149979242,0.0004208497547848601,0.0003233813504104159,0.00072880006256572,0.0,40,68,nan,nan,nan,nan,directional,0.0,0.0,121618,0.25
10,0.02317555993795395,-28.338563672875523,243.47405049780355,-21.29749121392281,33.920475125620776,0.1750128044031019,0.00030974949694449804,0.000422191064661043,0.0003236019594658364,0.0007298856693628054,1.2415081672193037e-05,40,68,8.520004272460938,2.3531484603881836,0.04387951269745827,0.0004596748040057719,directional,0.0,0.0,121618,0.25
50,0.06263287365436554,-26.688912818679555,166.5281262357034,-19.773473175688988,23.881418703109233,0.17559496854908205,0.00031048413197634964,0.00042488394771835315,0.0003238283294792162,0.0007320133897760526,3.459305263169692e-05,40,68,1.9344433546066284,0.4670972228050232,0.04378407821059227,0.003888010745868087,directional,0.0,0.0,121618,0.25
100,0.09528706967830658,-26.021138298452115,142.7940605022427,-18.726039876405018,18.763627085863646,0.1761045713160782,0.00031112300703614186,0.00042725112013123457,0.00032403889985480316,0.0007339028047338227,5.1944827641917886e-05,40,68,2.340517044067383,0.5723415017127991,0.04711078107357025,0.009002088569104671,directional,0.0,0.0,121618,0.25
200,0.16259527206420898,-24.345263747020795,97.07841751911178,-16.95300761063258,12.47422480587825,0.17718594981613342,0.0003134081573130551,0.0004317552154662458,0.00032585852392956856,0.0007382945475596337,8.639795501259561e-05,40,68,39.910274505615234,16.137866973876953,0.045610278844833374,0.026094568893313408,directional,0.0,0.0,121618,0.25
500,0.30761995911598206,-21.565576299686562,51.1863242560179,-14.538086189019237,7.153546825943645,0.17963627714123173,0.00032045098552176853,0.0004413613423771272,0.00033260362044717904,0.0007500648057156324,0.00015424947126926712,40,68,3.808079957962036,0.7629462480545044,0.04534406587481499,0.09418274462223053,directional,0.0,0.0,121618,0.25
1000,0.37002483010292053,-20.72759603657818,42.20422378758103,-13.286506647477674,5.362452646773217,0.18085463176078959,0.0003242676331516165,0.0004455635245072688,0.00033660376869966706,0.0007560596351767522,0.00018139680942249716,40,68,1.4701426029205322,0.2842896282672882,0.045460354536771774,0.1367577612400055,directional,0.0,0.0,121618,0.25
0,0.0,-28.06488409583863,194.55850276164765,-22.296576862951593,43.648029486668385,0.1747288505215207,0.0003093042149979242,0.0004208497547848601,0.0003233813504104159,0.00072880006256572,0.0,63,45,nan,nan,nan,nan,directional,0.0,0.0,121618,0.5
10,0.02313736453652382,-26.84099954804296,146.77826868017252,-21.266858643001882,34.434423785235225,0.1750124712402623,0.0003097485085503732,0.00042218927581312284,0.0003236011880568391,0.0007298838344355857,1.239761424209111e-05,63,45,6.61887788772583,2.843817949295044,0.044953811913728714,0.0004582278779707849,directional,0.0,0.0,121618,0.5
50,0.06265734881162643,-25.203657300222435,100.67636715312625,-19.73707328241956,24.21108675868283,0.17559546011407143,0.00031048606749298403,0.00042488194369838463,0.0003238318409155744,0.0007320126013431426,3.4595022201421437e-05,63,45,1.399482250213623,0.4684867262840271,0.04494795203208923,0.00389099377207458,directional,0.0,0.0,121618,0.5
100,0.0953303724527359,-24.494876937068728,85.51641763840347,-18.68041035141634,18.982263201376124,0.17610562870273647,0.000311130209938704,0.00042724716366277106,0.00032405044696603167,0.0007339039828806683,5.196939268105418e-05,63,45,1.6957175731658936,0.574356198310852,0.048248302191495895,0.009009839966893196,directional,0.0,0.0,121618,0.5
200,0.16265490651130676,-22.810431458240362,58.02363756348566,-16.909599946473815,12.62603388081624,0.17718765464067598,0.0003134116429390003,0.0004317516681719421,0.00032586560454406357,0.000738292840111277,8.641146040577063e-05,63,45,31.135467529296875,16.082489013671875,0.04643411934375763,0.02611558325588703,directional,0.0,0.0,121618,0.5
500,0.3081570565700531,-20.061369263174,30.81049900603483,-14.486238218324132,7.226546101130897,0.17965194981331423,0.00032047750807334983,0.0004414183089389758,0.00033262525695625984,0.0007501227115533552,0.000154512632266216,63,45,2.690857172012329,0.7551096677780151,0.04661178216338158,0.09451889991760254,directional,0.0,0.0,121618,0.5
1000,0.3707866370677948,-19.17864208037287,25.14351633437676,-13.216075280651069,5.394043988399476,0.18087611641118065,0.0003242973795794886,0.0004456570744361263,0.000336620494037798,0.0007561475275897543,0.00018170815316528467,63,45,1.039706826210022,0.28617462515830994,0.046215660870075226,0.1373177170753479,directional,0.0,0.0,121618,0.5
0,0.0,-26.476792154685292,125.50527867370413,nan,nan,0.1747288505215207,0.0003093042149979242,0.0004208497547848601,0.0003233813504104159,0.00072880006256572,0.0,108,0,nan,nan,nan,nan,directional,0.0,0.0,121618,1.0
10,0.022916380316019058,-25.285653201251094,95.39993900048616,nan,nan,0.17501097015284645,0.0003097477470764851,0.0004221845065070502,0.00032360058407650554,0.0007298773896062107,1.2386172653870758e-05,108,0,5.008596897125244,2.7584376335144043,0.046586938202381134,0.0004479113849811256,directional,0.0,0.0,121618,1.0
50,0.06202326714992523,-23.66738564934935,65.72359969658186,nan,nan,0.17559228877415817,0.0003104813838005196,0.00042487067506424766,0.000323827815255495,0.0007319993563060552,3.452639682692846e-05,108,0,1.0076295137405396,0.4634026885032654,0.04603766277432442,0.0038124113343656063,directional,0.0,0.0,121618,1.0
100,0.09532175213098526,-22.89606675115545,55.02872519712635,nan,nan,0.1761073545701055,0.00031112653614692807,0.0004272787617114696,0.00032403381617508725,0.0007339223516566189,5.2125791909406865e-05,108,0,1.2281957864761353,0.5734363198280334,0.05017627775669098,0.009008100256323814,directional,0.0,0.0,121618,1.0
200,0.16203616559505463,-21.20970506096439,37.321000947126784,nan,nan,0.177183952133695,0.00031339776429807164,0.0004317531219468871,0.00032584462572066126,0.000738284646255574,8.63206751337768e-05,108,0,24.487844467163086,15.580799102783203,0.048102837055921555,0.02591819502413273,directional,0.0,0.0,121618,1.0
500,0.30727994441986084,-18.50534656306706,20.022459929597936,nan,nan,0.17965330200585689,0.00032046901197697105,0.0004414386860068074,0.0003326070469359857,0.0007501291375079628,0.0001544786685578681,108,0,1.8807023763656616,0.7506914734840393,0.04831370338797569,0.09398388862609863,directional,0.0,0.0,121618,1.0
1000,0.368436723947525,-17.579246155266894,16.17735040142986,nan,nan,0.180855385710391,0.00032420662263289626,0.0004456068078050836,0.0003365110985248718,0.0007560359901063697,0.00018111833065763956,108,0,0.7257304191589355,0.2865707278251648,0.04775073751807213,0.135574609041214,directional,0.0,0.0,121618,1.0
0,0.0,-28.887898736794053,714.9637664984225,-23.3204300004543,172.83877754872324,0.1566807853915402,0.0003758220527910952,0.0004692771534623666,0.00038830204935810363,0.0008158189911938761,0.0,40,68,nan,nan,nan,nan,directional,0.0,0.0,116726,0.25
10,0.00927185919135809,-28.883798624785996,714.2890979680728,-23.311202692140725,172.47194266898484,0.15665229642752668,0.0003757623193592934,0.00046910927101642767,0.00038827939651932676,0.0008156209051997903,2.017695967788991e-06,40,68,837.3504028320312,165.23391723632812,0.03672206401824951,7.761441520415246e-05,directional,0.0,0.0,116726,0.25
50,0.034531258046627045,-28.866142434069644,711.391059064599,-23.27017443251834,170.85025415440788,0.1564002046541991,0.0003753146195156159,0.00046789930501905827,0.0003880281576571446,0.0008145885464719418,1.1723145276744796e-05,40,68,1095.8914794921875,463.58587646484375,0.040268491953611374,0.0010915737366303802,directional,0.0,0.0,116726,0.25
100,0.062260109931230545,-28.9138591134575,719.2503311310243,-23.237896876724122,169.58517097855767,0.15646155969144096,0.00037537146825594156,0.0004677332724266045,0.00038820798985210854,0.0008143488482056472,1.66926790856726e-05,40,68,1.738159418106079,0.5865874886512756,0.03616819530725479,0.0038224156014621258,directional,0.0,0.0,116726,0.25
200,0.12730330228805542,-28.868215659199276,711.7307423841212,-23.129681390836197,165.41173806287517,0.1564378407261617,0.0003747491251272902,0.00046700352508216683,0.0003877365133795578,0.0008133091001116478,2.3716209404989854e-05,40,68,1.4369609355926514,0.46044307947158813,0.03631539270281792,0.016052842140197754,directional,0.0,0.0,116726,0.25
500,0.31538504362106323,-28.702769980352887,685.1271172663426,-23.053085560855298,162.51997319298417,0.15639140327766518,0.0003734895739717214,0.0004660410936629041,0.0003866723998026147,0.0008118120941529336,5.82012966049016e-05,40,68,3148.714599609375,854.6930541992188,0.03537106513977051,0.0993916392326355,directional,0.0,0.0,116726,0.25
1000,0.5267578959465027,-28.524987662613512,657.6471243133485,-22.86621225140195,155.675192375885,0.1564290931608731,0.00037320764277499053,0.0004639786988534632,0.00038722116097865715,0.0008095831966128262,7.197523809710524e-05,40,68,5.281647682189941,1.1369092464447021,0.04189715534448624,0.277057945728302,directional,0.0,0.0,116726,0.25
0,0.0,-27.558568981992554,504.65425250212087,-23.318394741191945,170.5092175678996,0.1566807853915402,0.0003758220527910952,0.0004692771534623666,0.00038830204935810363,0.0008158189911938761,0.0,63,45,nan,nan,nan,nan,directional,0.0,0.0,116726,0.5
10,0.009767803363502026,-27.55579647142616,504.3321869928402,-23.308769066853372,170.13172055479998,0.15664309064704893,0.00037576308990147937,0.0004690620633123518,0.00038829160875524725,0.0008155930991012507,2.690232790981979e-06,63,45,591.3504638671875,162.9627227783203,0.037547238171100616,8.669069211464375e-05,directional,0.0,0.0,116726,0.5
50,0.034927383065223694,-27.535711997634,502.00522657444384,-23.269262216891825,168.59108633220185,0.15639796144244927,0.00037532797901277813,0.0004678912855125361,0.0003880455385520244,0.0008145934648162084,1.1876879668050978e-05,63,45,863.2012939453125,461.3491516113281,0.047003380954265594,0.001116694649681449,directional,0.0,0.0,116726,0.5
100,0.062488261610269547,-27.566141014962252,505.5348973098523,-23.235695137058144,167.29305078403232,0.15644246593092234,0.000375336440150134,0.0004676606801740316,0.00038817883615406,0.0008142999581258846,1.688115316086359e-05,63,45,1.325016975402832,0.5953080058097839,0.03751441091299057,0.003854169510304928,directional,0.0,0.0,116726,0.5
200,0.12648694217205048,-27.516737321049916,499.81670959034926,-23.128890313679765,163.22903712434103,0.15643869553338685,0.00037475794918493207,0.0004670302070359225,0.0003877373901974718,0.0008133462843454525,2.336614716704193e-05,63,45,1.0806235074996948,0.46027442812919617,0.03713083267211914,0.0158509761095047,directional,0.0,0.0,116726,0.5
500,0.30845028162002563,-27.388598922837247,485.28507115347503,-23.036977969048024,159.81082161750209,0.1563673673682378,0.00037354115608491243,0.00046598503200850964,0.0003867244329833802,0.0008118816103598909,5.6246823379141815e-05,63,45,2300.956787109375,836.6461791992188,0.03641507402062416,0.09506551921367645,directional,0.0,0.0,116726,0.5
1000,0.517272412776947,-27.184290959267024,462.9841622554935,-22.873520740289504,153.90774015273172,0.15665747961491733,0.0003734577058777895,0.0004647490151425086,0.0003873742402284847,0.0008100831062767524,6.68279647742235e-05,63,45,3.6702568531036377,1.0915292501449585,0.05016361549496651,0.2672022581100464,directional,0.0,0.0,116726,0.5
0,0.0,-26.252569931861554,356.52318136432854,nan,nan,0.1566807853915402,0.0003758220527910952,0.0004692771534623666,0.00038830204935810363,0.0008158189911938761,0.0,108,0,nan,nan,nan,nan,directional,0.0,0.0,116726,1.0
10,0.009145837277173996,-26.24708382706761,356.07309766472247,nan,nan,0.15665149644045281,0.0003757630702790237,0.0004691060351617367,0.0003882811820757251,0.0008156205423272164,2.0547196388299147e-06,108,0,412.1665954589844,162.788818359375,0.03767361119389534,7.583590922877192e-05,directional,0.0,0.0,116726,1.0
50,0.0340193547308445,-26.222988172550448,354.1029927546294,nan,nan,0.15640247616756794,0.00037532451431021216,0.0004679177713842097,0.0003880346380525994,0.0008146125615027989,1.156074249347925e-05,108,0,696.0951538085938,461.4232177734375,0.04795276001095772,0.0010576348286122084,directional,0.0,0.0,116726,1.0
100,0.061584584414958954,-26.243065227950993,355.7437696914873,nan,nan,0.15645752897110152,0.0003753612014902918,0.000467727427404214,0.0003881945091744703,0.0008143523126671263,1.6436074533935677e-05,108,0,1.0220774412155151,0.5969535708427429,0.03778096288442612,0.003733595134690404,directional,0.0,0.0,116726,1.0
200,0.1286494880914688,-26.16254420112277,349.208816741276,nan,nan,0.15638433982840882,0.00037461936115122993,0.0004668683031376835,0.00038759875054948656,0.0008132011277866133,2.4789973412459534e-05,108,0,0.8306032419204712,0.46650683879852295,0.037293095141649246,0.016353394836187363,directional,0.0,0.0,116726,1.0
500,0.3139374852180481,-26.05050526667592,340.3151683634057,nan,nan,0.15643986864915582,0.00037358166956418177,0.0004663110194459217,0.0003866994976633511,0.0008120503826601126,5.644060454236829e-05,108,0,1699.5770263671875,825.6011352539062,0.036636415868997574,0.09847252070903778,directional,0.0,0.0,116726,1.0
1000,0.5213821530342102,-25.865248696629294,326.10364241560114,nan,nan,0.1566179552130074,0.00037340929322922855,0.0004646264272876494,0.00038732197747649806,0.0008099858061413837,6.70082871035924e-05,108,0,2.5976924896240234,1.0944349765777588,0.04982049763202667,0.2714935541152954,directional,0.0,0.0,116726,1.0
0,0.0,-17.735472002074985,88.33038214855918,-10.857478865965707,30.306551153446964,0.17340725400929372,0.00033228888092181474,0.0004450402273260078,0.00034840263590245715,0.0007727638114817885,0.0,40,68,nan,nan,nan,nan,angular,0.0,0.0,106319,0.25
10,0.038378216326236725,-17.915209475256454,92.06273158702717,-11.26047275254769,33.253388457681275,0.17292105367629218,0.0003321722174810834,0.0004426521967368397,0.0003488826383826834,0.0007711671856985293,1.8138537370271546e-05,40,68,20.134464263916016,5.8652143478393555,0.044024329632520676,0.0012000997085124254,angular,0.0,0.0,106319,0.25
50,0.17841093242168427,-18.23289886851885,99.04961595708404,-12.086764081259634,40.22212751983235,0.17160493877797817,0.00033206308860140606,0.00043447252459835893,0.0003510379063613002,0.0007658251297854277,7.391396142411709e-05,40,68,1.8608554601669312,0.534837543964386,0.039541393518447876,0.03064623475074768,angular,0.0,0.0,106319,0.25
100,0.34779614210128784,-18.28137775458848,100.1614688131979,-12.442623493597173,43.65670757906281,0.170661161945751,0.0003332363943134935,0.00042694202329195135,0.0003543890793966868,0.0007616710625882052,0.00013255067661657662,40,68,8.002477645874023,2.3208255767822266,0.03889594227075577,0.1187223345041275,angular,0.0,0.0,106319,0.25
200,0.6038188338279724,-18.05255413056623,95.02072116597249,-12.49514379081937,44.18786408449591,0.16992616073437014,0.0003406355780192267,0.00042465440529157423,0.00036243788925957327,0.0007645289945007215,0.00021699535816782292,40,68,787.4213256835938,170.13787841796875,0.036466702818870544,0.36222609877586365,angular,0.0,0.0,106319,0.25
500,0.8391660451889038,-22.081834890175102,240.2959206698201,-16.971379765408358,123.85872554043341,0.17129848226261193,0.0003529224886065688,0.0004370771072290396,0.0003740601432274853,0.0007805808989787078,0.00028899848935287273,40,68,8.774518013000488,1.7177814245224,0.035599905997514725,0.7037608027458191,angular,0.0,0.0,106319,0.25
1000,1.0189156532287598,-22.024095403975682,237.12232769552278,-17.018147751358,125.19973382530226,0.17593583408094549,0.0003667141845953176,0.00045505264377342585,0.00038717191567232123,0.0008012437538082888,0.0003396405469914081,40,68,34.81165313720703,8.57463264465332,0.03478220850229263,1.0376434326171875,angular,0.0,0.0,106319,0.25
0,0.0,-16.252616823616705,74.17037443600401,-10.830517741174376,29.644441735591176,0.17340725400929372,0.00033228888092181474,0.0004450402273260078,0.00034840263590245715,0.0007727638114817885,0.0,63,45,nan,nan,nan,nan,angular,0.0,0.0,106319,0.5
10,0.03827314451336861,-16.455367875400718,77.71512979130654,-11.234121763587591,32.531469263315955,0.17292333990691255,0.0003321730113601412,0.00044265967757008715,0.00034888232066689344,0.0007711719029501235,1.809016431010127e-05,63,45,14.900779724121094,5.831754684448242,0.044576678425073624,0.0011934589128941298,angular,0.0,0.0,106319,0.5
50,0.1772848218679428,-16.82977211804395,84.71220785682635,-12.062242879931041,39.36550163168317,0.17161664595125067,0.00033206405270604805,0.00043452758275123397,0.00035102562527881655,0.000765860465008753,7.357618311411575e-05,63,45,1.3742424249649048,0.5321462154388428,0.04045546054840088,0.03026275336742401,angular,0.0,0.0,106319,0.5
100,0.34465551376342773,-16.91903866091804,86.47143281401219,-12.423271646785226,42.77782176885564,0.1706837196031757,0.00033321565554859765,0.0004270697118561146,0.00035433928693466094,0.0007617310128675442,0.00013164790661322883,63,45,5.9270172119140625,2.317416191101074,0.03966553509235382,0.11663249135017395,angular,0.0,0.0,106319,0.5
200,0.6037672758102417,-16.716553302194093,82.53233253266431,-12.471077064626641,43.251304274650096,0.1699807541389283,0.00034080791775584435,0.0004248707997155239,0.00036260161210955,0.0007647608840684261,0.00021767235572780184,63,45,563.0570068359375,170.4554901123047,0.03724430128931999,0.3621353507041931,angular,0.0,0.0,106319,0.5
500,0.8420036435127258,-20.778956068761246,210.31216590108653,-16.94250029398812,121.09927173621136,0.17169271450477805,0.0003541405952889041,0.0004386824030317642,0.00037520344512881267,0.0007824147781974048,0.0002930203632813271,63,45,5.311216831207275,1.3989781141281128,0.03652453422546387,0.7084500193595886,angular,0.0,0.0,106319,0.5
1000,1.0307767391204834,-20.700338124485135,206.53925281358977,-17.05057554297283,124.15066675820539,0.17717101589191722,0.00037004554190789724,0.0004593535076452315,0.00039021978112452387,0.0008063307914123424,0.0003498946856548431,63,45,25.83184242248535,7.506961345672607,0.035735517740249634,1.0617387294769287,angular,0.0,0.0,106319,0.5
0,0.0,-14.721499063347508,59.07720864650867,nan,nan,0.17340725400929372,0.00033228888092181474,0.0004450402273260078,0.00034840263590245715,0.0007727638114817885,0.0,108,0,nan,nan,nan,nan,angular,0.0,0.0,106319,1.0
10,0.0385541208088398,-14.961555362237057,62.4346378466928,nan,nan,0.17291838599628004,0.0003321723736277307,0.0004426411813104431,0.00034888522794759375,0.0007711614078698017,1.8223264760279366e-05,108,0,11.098675727844238,5.804603576660156,0.0447404645383358,0.0012091328389942646,angular,0.0,0.0,106319,1.0
50,0.17823071777820587,-15.425196825839421,69.46879141442385,nan,nan,0.17159678739699763,0.0003320556613224408,0.0004344686326753057,0.00035102608292672196,0.0007658285094990164,7.388264073161587e-05,108,0,1.0246886014938354,0.5327060222625732,0.04072339087724686,0.030577274039387703,angular,0.0,0.0,106319,1.0
100,0.34778305888175964,-15.56261500071474,71.7020480547999,nan,nan,0.17065094229649821,0.0003332231401745392,0.00042691657920985424,0.00035437656651748656,0.0007616546858742018,0.00013255689448873152,108,0,4.415472984313965,2.3089072704315186,0.03989854454994202,0.11867064982652664,angular,0.0,0.0,106319,1.0
200,0.6084045171737671,-15.424528473553833,69.45810142064754,nan,nan,0.1699029103383115,0.00034080401264323704,0.000424710329843368,0.0003625929581925071,0.0007646852910789793,0.00021844611500435677,108,0,401.490234375,172.91477966308594,0.03728346526622772,0.36767712235450745,angular,0.0,0.0,106319,1.0
500,0.8264642953872681,-19.646128744883395,183.6043368062842,nan,nan,0.1714029450576601,0.0003526571538311451,0.0004370112580500359,0.0003737838932462899,0.0007802060377901665,0.00028633243608008587,108,0,4.248968601226807,1.6780861616134644,0.03680567070841789,0.6825677156448364,angular,0.0,0.0,106319,1.0
1000,1.0220627784729004,-19.45207059365881,175.5808390532173,nan,nan,0.17686304745524392,0.0003682863354481275,0.00045768466779244204,0.00038847794282403773,0.0008036427714926606,0.00034243286740246083,108,0,17.781402587890625,7.499544620513916,0.03576857969164848,1.0445643663406372,angular,0.0,0.0,106319,1.0
0,0.0,-25.516673196520525,449.9811846755954,-20.221954352360388,166.42182695791536,0.17439340322873245,0.00031255708485506154,0.0004417832094499269,0.00032630802206275763,0.0007509605315867634,0.0,40,68,nan,nan,nan,nan,angular,0.0,0.0,120717,0.25
10,0.037962574511766434,-25.440071951559055,442.1139620703548,-20.174156209708272,164.6002426353312,0.1738735460991499,0.00031205564722423834,0.0004385186003533909,0.0003265854345130977,0.0007484672640548538,1.8968099736948567e-05,40,68,8855.2255859375,2753.521484375,0.04502517729997635,0.0011754357255995274,angular,0.0,0.0,120717,0.25
50,0.18227064609527588,-25.31578902969202,429.6412169710238,-20.122254508714295,162.64484425762487,0.1723214136658624,0.00031045702367378124,0.00042678040876616185,0.0003280106000369775,0.0007396731728631497,7.861908735279771e-05,40,68,7.895610809326172,2.5914571285247803,0.04206942394375801,0.031983859837055206,angular,0.0,0.0,120717,0.25
100,0.3519592881202698,-25.115197704807528,410.24831463325717,-19.985491963433468,157.6028426258649,0.17129477026343604,0.000310170210046955,0.00041493640905195537,0.0003308614707142014,0.0007316912850830708,0.00014010282527420932,40,68,9.109051704406738,2.657107353210449,0.03678152337670326,0.12161635607481003,angular,0.0,0.0,120717,0.25
200,0.5862249135971069,-24.84421052899064,385.4322834939462,-19.816844348034152,151.6000291830401,0.17027641760264592,0.00031622960583616456,0.00041022214829328213,0.000337770753159353,0.0007328095375378867,0.00021356376064996413,40,68,21.330591201782227,6.6255035400390625,0.035962291061878204,0.34128519892692566,angular,0.0,0.0,120717,0.25
500,0.8724191784858704,-24.810565252503704,382.4578333050691,-19.810087584839614,151.3643529013336,0.17129977012704672,0.0003303126839706142,0.0004218566342259338,0.0003512553421708532,0.000750313497946602,0.00029240694465179114,40,68,2974.3662109375,707.53515625,0.034895170480012894,0.7600181102752686,angular,0.0,0.0,120717,0.25
1000,1.0813342332839966,-25.125505628556006,411.2231902086011,-19.761645574678404,149.68538804929776,0.17524338617707236,0.0003436793290815584,0.0004396779365229083,0.000363550733001868,0.0007698553174263103,0.00034147228870357217,40,68,321.1874084472656,91.52363586425781,0.033995646983385086,1.1692521572113037,angular,0.0,0.0,120717,0.25
0,0.0,-24.211114565195476,349.36384172029904,-20.2717170914211,176.69717839682042,0.17439340322873245,0.00031255708485506154,0.0004417832094499269,0.00032630802206275763,0.0007509605315867634,0.0,63,45,nan,nan,nan,nan,angular,0.0,0.0,120717,0.5
10,0.03858454152941704,-24.137528267163265,343.49413396875025,-20.225041495610448,174.80830224254294,0.17386177952483048,0.00031204581078109704,0.0004384618036118652,0.00032658743498093905,0.0007484255625474187,1.9289563451742665e-05,63,45,6604.9853515625,2725.86962890625,0.04746523126959801,0.0012136108707636595,angular,0.0,0.0,120717,0.5
50,0.18268974125385284,-24.022449830588567,334.5118299529174,-20.17846099343035,172.94340474369037,0.17231306895509751,0.00031044954714114497,0.0004267390297741242,0.0003280104964110301,0.0007396438404009534,7.87754726442455e-05,63,45,5.957450866699219,2.587571859359741,0.044576432555913925,0.03214208781719208,angular,0.0,0.0,120717,0.5
100,0.3531072437763214,-23.827295385711025,319.8129435464835,-20.037577167008234,167.4231936804049,0.1713182673565503,0.00031022587957694835,0.00041494098475166355,0.00033093728172911417,0.0007317277798077958,0.00014057168435336923,63,45,6.748915195465088,2.6563637256622314,0.03824492543935776,0.12238846719264984,angular,0.0,0.0,120717,0.5
200,0.5965976715087891,-23.580409829776038,302.1394825153003,-19.88035505168345,161.47058195707777,0.17030458976942114,0.00031685843115334783,0.00041055775789479996,0.0003384108493720807,0.0007335125063674943,0.0002175261678949021,63,45,15.87806224822998,6.530253887176514,0.0372520387172699,0.3534284830093384,angular,0.0,0.0,120717,0.5
500,0.9044592976570129,-23.508241143419,297.1601797700645,-19.833588143608388,159.74111802078286,0.17168144428810944,0.00033334773906868847,0.0004248907377903254,0.00035424753563304895,0.0007548902527755449,0.00030589874805412345,63,45,2196.68359375,684.6829833984375,0.03586716577410698,0.8168269395828247,angular,0.0,0.0,120717,0.5
1000,1.0688685178756714,-23.763901752795995,315.17856462681664,-19.770815478963286,157.44883561984008,0.17550587386800054,0.00034653506273850577,0.0004421685653456919,0.0003663895088400234,0.0007743202639163446,0.0003519365303173311,63,45,233.50296020507812,89.88335418701172,0.03477657586336136,1.1423792839050293,angular,0.0,0.0,120717,0.5
0,0.0,-22.97064856533528,286.666226444442,nan,nan,0.17439340322873245,0.00031255708485506154,0.0004417832094499269,0.00032630802206275763,0.0007509605315867634,0.0,108,0,nan,nan,nan,nan,angular,0.0,0.0,120717,1.0
10,0.03857007622718811,-22.903149906309697,282.24526424675224,nan,nan,0.17386128137220924,0.0003120456858266683,0.0004384619329764169,0.0003265869937328292,0.0007484262707397268,1.92884549622704e-05,108,0,5004.63134765625,2747.557861328125,0.04721790552139282,0.001211765338666737,angular,0.0,0.0,120717,1.0
50,0.18253099918365479,-22.803146466813168,275.82035921797586,nan,nan,0.17232037380973547,0.000310456074578236,0.00042674222666477297,0.00032802339307395195,0.0007396467707319383,7.880240826131215e-05,108,0,4.558290004730225,2.594651699066162,0.04413016140460968,0.03208623826503754,angular,0.0,0.0,120717,1.0
100,0.3529205620288849,-22.619896082807635,264.42425007731066,nan,nan,0.1713321532076909,0.0003102403080235259,0.0004149520942051298,0.0003309594084915488,0.0007317359290582624,0.0001406614493451469,108,0,5.042538642883301,2.655820846557617,0.038542240858078,0.12227655202150345,angular,0.0,0.0,120717,1.0
200,0.5946384072303772,-22.39119089045036,250.85962117702942,nan,nan,0.17037456205913404,0.0003168710321566197,0.000410690290604561,0.0003384257062988575,0.0007335414109686237,0.00021716327362732577,108,0,12.003960609436035,6.5639214515686035,0.037804968655109406,0.35100656747817993,angular,0.0,0.0,120717,1.0
500,0.9023017287254333,-22.350825245117406,248.5388002503881,nan,nan,0.171893206694189,0.0003333979905414839,0.0004252953057662146,0.0003542562384136547,0.0007548954749126406,0.0003052695362182146,108,0,1550.29052734375,661.408203125,0.03618495166301727,0.8128616809844971,angular,0.0,0.0,120717,1.0
1000,1.091233491897583,-22.554566943484634,260.47639188493156,nan,nan,0.17612850252291912,0.00034761390785954474,0.00044413091200790647,0.00036731042843832787,0.000775872258600093,0.0003545713742115147,108,0,174.630859375,90.4640884399414,0.035302527248859406,1.1906864643096924,angular,0.0,0.0,120717,1.0
0,0.0,-29.585924173909113,324.4805959439076,-22.32784351302471,43.00284182706094,0.1747288505215207,0.0003093042149979242,0.0004208497547848601,0.0003233813504104159,0.00072880006256572,0.0,40,68,nan,nan,nan,nan,angular,0.0,0.0,121618,0.25
10,0.03896608203649521,-30.028522046673892,359.2928032412115,-23.27075530864503,53.430389025346535,0.1743582669637999,0.00030922747086651253,0.00041872134334427986,0.0003238967292814257,0.000727423406626758,1.9016643360614734e-05,40,68,8.749776840209961,2.3733232021331787,0.04314205422997475,0.001223575440235436,angular,0.0,0.0,121618,0.25
50,0.17810691893100739,-30.024565617260542,358.9656359921159,-24.259010624268534,67.08321493965099,0.17341954084046596,0.00030941612821503773,0.00041193304224254157,0.0003262095239602467,0.000723640890423481,7.703251569642422e-05,40,68,2.119072198867798,0.5293400883674622,0.041190288960933685,0.03037700429558754,angular,0.0,0.0,121618,0.25
100,0.3435575067996979,-30.005472477302266,357.39095852563986,-24.44925726146736,70.08717117721021,0.1728095881925519,0.0003114670274898474,0.000406738387050628,0.00033030824369605907,0.0007225800516920464,0.00013587361443307165,40,68,2.473102569580078,0.6492145657539368,0.04301949590444565,0.11601938307285309,angular,0.0,0.0,121618,0.25
200,0.5555217266082764,-30.492575480059344,399.81019251735006,-24.7042127451395,74.32485659441811,0.1729035913232311,0.00031843637892527246,0.00040755151413262214,0.00033817279122752976,0.0007287796078923026,0.00020404027985687076,40,68,3210.455810546875,878.97412109375,0.039375342428684235,0.30679386854171753,angular,0.0,0.0,121618,0.25
500,0.9055640697479248,-30.6090080656646,410.67391662016576,-25.21373208314258,83.57685290875835,0.1763452015646988,0.0003388398420909861,0.0004270504942734868,0.00035743419292434973,0.0007564813290639721,0.0003142719414150228,40,68,31.928335189819336,2.3199925422668457,0.03843296319246292,0.8188098073005676,angular,0.0,0.0,121618,0.25
1000,1.142756462097168,-29.61268487772257,326.48617909847025,-24.10122808981982,64.6897710963085,0.18167558530577482,0.0003552558784099335,0.00044679135047040187,0.00037311623451184223,0.0007813435699107378,0.00037525376836787473,40,68,2.274238348007202,0.40638118982315063,0.03860033303499222,1.304636001586914,angular,0.0,0.0,121618,0.25
0,0.0,-28.06488409583863,194.55850276164765,-22.296576862951593,43.648029486668385,0.1747288505215207,0.0003093042149979242,0.0004208497547848601,0.0003233813504104159,0.00072880006256572,0.0,63,45,nan,nan,nan,nan,angular,0.0,0.0,121618,0.5
10,0.03878510743379593,-28.543819330450507,217.2419732530221,-23.211114763424053,53.87886421592485,0.17438435459238397,0.00030927931086484784,0.00041879398882237607,0.00032395139278636306,0.000727500380601137,1.890658594481232e-05,63,45,6.772372245788574,2.8841357231140137,0.044223353266716,0.001213254639878869,angular,0.0,0.0,121618,0.5
50,0.178267702460289,-28.670553868931165,223.67486957176914,-24.23084990867055,68.13840238302402,0.17346684363906598,0.00030954208517894923,0.0004120735065407755,0.0003263413689021847,0.0007238147062856786,7.718365561401175e-05,63,45,1.526656985282898,0.5267895460128784,0.04230295494198799,0.030435167253017426,angular,0.0,0.0,121618,0.5
100,0.3420443534851074,-28.685737899963915,224.45826203117727,-24.43187567647003,71.3665205477616,0.17290933520124593,0.0003117146859078826,0.0004070962041079394,0.0003305421483077519,0.0007229703173100927,0.00013581993912174786,63,45,1.7989293336868286,0.6429953575134277,0.04370226338505745,0.11499714106321335,angular,0.0,0.0,121618,0.5
200,0.5583558678627014,-29.147862890047705,249.65949912589772,-24.68584304753612,75.6643421425737,0.17297676074356283,0.00031880560637151124,0.0004079046088531532,0.0003385302438449643,0.0007293144267307721,0.00020544710486924828,63,45,2365.635009765625,885.132568359375,0.039726439863443375,0.309906542301178,angular,0.0,0.0,121618,0.5
500,0.9273723363876343,-29.296315199299322,258.34099373836256,-25.142927032699486,84.06198848215755,0.17676966343493417,0.0003415060709074255,0.0004298151565784723,0.00035995673352918215,0.0007605848775699882,0.0003251581685823073,63,45,20.55872344970703,2.0826895236968994,0.039203256368637085,0.8585876226425171,angular,0.0,0.0,121618,0.5
1000,1.1217974424362183,-28.277818275552168,204.33540993659574,-23.992296966686695,64.49657496357301,0.1823396610680347,0.0003581357340395548,0.0004501214041170088,0.00037561143073324023,0.0007859079114025303,0.000382474231651229,63,45,1.3316274881362915,0.34387046098709106,0.03912487253546715,1.2570852041244507,angular,0.0,0.0,121618,0.5
0,0.0,-26.476792154685292,125.50527867370413,nan,nan,0.1747288505215207,0.0003093042149979242,0.0004208497547848601,0.0003233813504104159,0.00072880006256572,0.0,108,0,nan,nan,nan,nan,angular,0.0,0.0,121618,1.0
10,0.03905901685357094,-27.042320978871246,142.96011036574524,nan,nan,0.17436242289773995,0.00030923806329502274,0.00041873190091820444,0.00032390839485326947,0.0007274353136544954,1.90218525491103e-05,108,0,5.1170430183410645,2.795785903930664,0.04568707197904587,0.0012295199558138847,angular,0.0,0.0,121618,1.0
50,0.17766143381595612,-27.32361929564626,152.52628989509978,nan,nan,0.17345420105433335,0.0003095026986477066,0.00041206350377529974,0.00032628826111291584,0.0007237802391976455,7.683848861720099e-05,108,0,1.1084116697311401,0.5228094458580017,0.04312548041343689,0.030229296535253525,angular,0.0,0.0,121618,1.0
100,0.33987876772880554,-27.365871024868966,154.01743251097776,nan,nan,0.17286684498903207,0.00031155273057894,0.00040700639709322913,0.0003303508369540783,0.0007227972535571388,0.0001347960145239395,108,0,1.3186166286468506,0.6434390544891357,0.04497002437710762,0.11363650113344193,angular,0.0,0.0,121618,1.0
200,0.549017608165741,-27.76492262584223,168.8398818103165,nan,nan,0.17278703050137847,0.0003179301744869954,0.0004071147059794038,0.00033768030123444037,0.0007281912882457583,0.00020115589005624651,108,0,1736.925537109375,872.6973266601562,0.04054027423262596,0.2997891306877136,angular,0.0,0.0,121618,1.0
500,0.9156238436698914,-28.035892943457643,179.7099284320635,nan,nan,0.17620405661960975,0.00033990518133900007,0.00042776960191570363,0.0003584647457748323,0.0007581734355399787,0.00031952348805137286,108,0,13.619356155395508,2.53845477104187,0.039983540773391724,0.8372211456298828,angular,0.0,0.0,121618,1.0
1000,1.084438681602478,-27.04189487151438,142.9460845447869,nan,nan,0.18147654860195533,0.00035518908517544054,0.00044682115948937074,0.0003727082452133957,0.0007813306580875146,0.00037245209682115884,108,0,1.0185853242874146,0.38573384284973145,0.039853084832429886,1.1749751567840576,angular,0.0,0.0,121618,1.0
0,0.0,-28.887898736794053,714.9637664984225,-23.3204300004543,172.83877754872324,0.1566807853915402,0.0003758220527910952,0.0004692771534623666,0.00038830204935810363,0.0008158189911938761,0.0,40,68,nan,nan,nan,nan,angular,0.0,0.0,116726,0.25
10,0.03189220651984215,-28.87680643109782,713.1400091524135,-23.308797990816053,172.37647088080394,0.1563815585060344,0.000375509367812539,0.00046796483710604916,0.0003882202786345394,0.0008148050290684297,1.2824124602266438e-05,40,68,848.5535278320312,163.9967041015625,0.03668016940355301,0.0008480432443320751,angular,0.0,0.0,116726,0.25
50,0.1534734070301056,-28.877742219488933,713.2936882970064,-23.310303534941575,172.43623801632117,0.1555433454392074,0.0003751226412494164,0.000464320480921857,0.00038852529756001024,0.0008124514471729842,5.6068460487684475e-05,40,68,1070.62109375,447.2337646484375,0.03981504961848259,0.022649794816970825,angular,0.0,0.0,116726,0.25
100,0.24772341549396515,-28.679240637113143,681.425251088107,-23.46888590882239,178.84910731852653,0.15512918152362964,0.0003752175057177302,0.0004629947580308243,0.00038888228903642116,0.0008118359589326297,8.117156960020969e-05,40,68,1.797428011894226,0.6021607518196106,0.03586040809750557,0.06076496094465256,angular,0.0,0.0,116726,0.25
200,0.37574318051338196,-28.643857453050792,675.8960438846589,-23.493523818810253,179.8666176032204,0.15507844232017123,0.0003758957918201721,0.0004629558715228641,0.00038983677911101834,0.0008122296748260772,0.00010528962635057027,40,68,1.260939598083496,0.4019879400730133,0.035703886300325394,0.1408124566078186,angular,0.0,0.0,116726,0.25
500,0.6611387133598328,-28.314868229155536,626.5864256061493,-23.330210729551307,173.22846572877947,0.15561640283632935,0.00037590922109413357,0.0004641268859856165,0.00038999970183712404,0.0008116913439327703,0.0001196413217209619,40,68,2886.436279296875,1056.0804443359375,0.03459842875599861,0.43635624647140503,angular,0.0,0.0,116726,0.25
1000,1.0897095203399658,-27.78820340527801,555.0274974452624,-23.19474288625088,167.9084198364999,0.1560175412561363,0.00037448290841727075,0.00046477970149651205,0.0003886820222755385,0.0008094604446313361,0.00013218692527218907,40,68,5.350280284881592,1.477929949760437,0.040906619280576706,1.1854808330535889,angular,0.0,0.0,116726,0.25
0,0.0,-27.558568981992554,504.65425250212087,-23.318394741191945,170.5092175678996,0.1566807853915402,0.0003758220527910952,0.0004692771534623666,0.00038830204935810363,0.0008158189911938761,0.0,63,45,nan,nan,nan,nan,angular,0.0,0.0,116726,0.5
10,0.033469587564468384,-27.547267241594678,503.34268698866686,-23.307812590604584,170.09425541565116,0.15636400959863478,0.0003754906694856842,0.0004678809159669551,0.0003882157885164703,0.0008147548947260335,1.3589405323463713e-05,63,45,597.49169921875,161.7787322998047,0.03748041391372681,0.0009312554029747844,angular,0.0,0.0,116726,0.5
50,0.1552702635526657,-27.546678079047386,503.27440830728654,-23.320108592670103,170.57651870918394,0.1555376165757845,0.00037516612921285045,0.00046427701960247803,0.00038858753668891463,0.000812501584126338,5.732706883537655e-05,63,45,842.403076171875,445.5547790527344,0.0463944673538208,0.02317313477396965,angular,0.0,0.0,116726,0.5
100,0.26015299558639526,-27.435644244456768,490.57053919702736,-23.49596995130331,177.62552825675354,0.1550876793168128,0.00037555738773024445,0.0004629510841198958,0.00038929769048041583,0.0008122757541940658,8.827561762123622e-05,63,45,1.3612639904022217,0.6073561310768127,0.03702595829963684,0.0670504942536354,angular,0.0,0.0,116726,0.5
200,0.3939971625804901,-27.42192064505053,489.02279499660114,-23.531559794571745,179.0871259672931,0.1550314200217189,0.0003769032513995787,0.00046315915758512246,0.0003910318013864062,0.0008137202684355573,0.0001199116601344641,63,45,0.9025587439537048,0.3860012888908386,0.036131247878074646,0.15398100018501282,angular,0.0,0.0,116726,0.5
500,0.6598185300827026,-27.510101969687845,499.05364964075903,-23.506768188431977,178.06772338674494,0.1564855095515343,0.00038119238750511933,0.00046924117975395224,0.00039534557929542447,0.0008199295638293829,0.00015091523481254934,63,45,2323.07373046875,1128.1124267578125,0.035167865455150604,0.43391066789627075,angular,0.0,0.0,116726,0.5
1000,1.0429341793060303,-27.435607052035632,490.5663380319824,-23.455267532865463,175.96858454785232,0.15817334424835164,0.00038393455617232017,0.0004744105119442017,0.0003982163747129992,0.0008240320846294951,0.00016948815692621863,63,45,4.844227313995361,2.9963417053222656,0.047352634370326996,1.086371898651123,angular,0.0,0.0,116726,0.5
0,0.0,-26.252569931861554,356.52318136432854,nan,nan,0.1566807853915402,0.0003758220527910952,0.0004692771534623666,0.00038830204935810363,0.0008158189911938761,0.0,108,0,nan,nan,nan,nan,angular,0.0,0.0,116726,1.0
10,0.03347786143422127,-26.24331119488304,355.763918158755,nan,nan,0.15637228831089742,0.0003755066451925602,0.0004679045869324471,0.0003882321130887148,0.000814776210622303,1.3571390700048268e-05,108,0,415.87884521484375,161.50390625,0.037576619535684586,0.0009291497408412397,angular,0.0,0.0,116726,1.0
50,0.15800057351589203,-26.246992851605558,356.0656387683645,nan,nan,0.15554590551105868,0.00037523789501418353,0.0004643048905843415,0.0003886681060103055,0.0008125759105480914,5.846642734608116e-05,108,0,676.4703979492188,444.7059020996094,0.047351572662591934,0.02402804233133793,angular,0.0,0.0,116726,1.0
100,0.25868546962738037,-26.21437111081373,353.40109523358177,nan,nan,0.15514233207434924,0.0003756688309941691,0.000463160020211553,0.0003893951404303019,0.0008124450775030548,8.80087011917321e-05,108,0,1.0448307991027832,0.6072279810905457,0.037320662289857864,0.06631194055080414,angular,0.0,0.0,116726,1.0
200,0.3955424427986145,-26.252967479670886,356.55581855014503,nan,nan,0.15523136743089827,0.0003775138604084935,0.00046409558590024887,0.00039157457837995895,0.0008146193164295493,0.00012103121243565694,108,0,0.672674834728241,0.3770201504230499,0.036311082541942596,0.15531238913536072,angular,0.0,0.0,116726,1.0
500,0.7055120468139648,-26.58074888946503,384.50825577299446,nan,nan,0.1577226789215463,0.0003868241464756018,0.00047562987218730885,0.0004008548400394904,0.0008287441045073133,0.00017697321729440312,108,0,1819.031982421875,1120.46923828125,0.035444580018520355,0.496003657579422,angular,0.0,0.0,116726,1.0
1000,1.062957763671875,-26.27693744718963,358.52919395844856,nan,nan,0.1596143769228789,0.0003889237032731542,0.00048086233083799397,0.0004029410635469769,0.0008319803629288196,0.00018566113239057493,108,0,4.922610759735107,3.7881057262420654,0.04714062437415123,1.1289069652557373,angular,0.0,0.0,116726,1.0
0,0.0,-16.252616823616705,74.17037443600401,-10.830517741174376,29.644441735591176,0.17340725400929372,0.00033228888092181474,0.0004450402273260078,0.00034840263590245715,0.0007727638114817885,0.0,63,45,nan,nan,nan,nan,combined,0.0,0.0,106319,0.5
10,0.010289322584867477,-16.247244211468576,74.07867576382843,-10.833742393025425,29.666461011855866,0.17335832499452855,0.0003323646125254163,0.0004448958890250009,0.0003485209281790518,0.0007727617735407709,2.330460220237636e-06,63,45,14.935843467712402,5.840728282928467,0.04512885585427284,9.237225458491594e-05,combined,0.0,0.0,106319,0.5
50,0.03927743434906006,-15.908369458355613,68.51816680433194,-10.39235829232258,26.79953948032138,0.17364175408109497,0.0003328897132725326,0.0004455286290535846,0.00034913617629806176,0.0007733790403298095,1.6768600857721555e-05,63,45,1.1878572702407837,0.4588570296764374,0.042300231754779816,0.0014701045583933592,combined,0.0,0.0,106319,0.5
100,0.06483528017997742,-15.611838454461429,63.99597124050508,-9.816053697955196,23.46912357931576,0.17416812813259544,0.0003334002287997384,0.0004477752278899869,0.0003492832976398973,0.0007750977646437346,3.143176548633394e-05,63,45,5.7948384284973145,2.2241737842559814,0.044412970542907715,0.004170163534581661,combined,0.0,0.0,106319,0.5
200,0.15110057592391968,-14.815520641381465,53.2746804286406,-6.895978884693172,11.980898542870614,0.17582296277486997,0.00033521793251098565,0.000453634045511847,0.000350600202752071,0.0007795820806018542,8.311858078266878e-05,63,45,4.813185691833496,1.540128231048584,0.04641377180814743,0.022392332553863525,combined,0.0,0.0,106319,0.5
500,0.28490304946899414,-9.855813990990296,17.003964445776013,-1.1997663296126684,3.2275140013421724,0.17834793947805586,0.0003381867573127896,0.0004636248459642407,0.00035230273738261686,0.0007878333638512397,0.00014692091389000172,63,45,0.5662009716033936,0.17957518994808197,0.0485985167324543,0.08107082545757294,combined,0.0,0.0,106319,0.5
1000,0.3446570634841919,-5.598309149673094,6.379691879649612,1.2451844096637696,1.8381166163409368,0.1795090219363382,0.0003402087340750815,0.00046762082194378964,0.0003541590206143344,0.0007919273669555357,0.00017192520470759996,63,45,3.3053691387176514,0.2453659474849701,0.04986339807510376,0.1187000572681427,combined,0.0,0.0,106319,0.5
0,0.0,-16.252616823616705,74.17037443600401,-10.830517741174376,29.644441735591176,0.17340725400929372,0.00033228888092181474,0.0004450402273260078,0.00034840263590245715,0.0007727638114817885,0.0,63,45,nan,nan,nan,nan,combined,0.01,0.0,106319,0.5
10,0.010289335623383522,-16.247243901125373,74.07867047022837,-10.833741199058629,29.666452855923428,0.17335832534435514,0.00033236461176096776,0.00044489588677013606,0.0003485209282571063,0.0007727617709713981,2.3304752959278694e-06,63,45,14.935843467712402,5.840728282928467,0.04512885585427284,9.237250196747482e-05,combined,0.01,0.0,106319,0.5
50,0.039277445524930954,-15.908369147733396,68.51816190367926,-10.392357738328876,26.799536061725046,0.17364175334231632,0.0003328897135450705,0.000445528623506273,0.00034913617819874786,0.0007733790365428041,1.676862407888716e-05,63,45,1.1878573894500732,0.45885705947875977,0.042300231754779816,0.0014701057225465775,combined,0.01,0.0,106319,0.5
100,0.06483528763055801,-15.611837525612138,63.99595755333922,-9.816050664943418,23.469107189030748,0.17416812877400237,0.00033340022931821733,0.00044777522405130136,0.0003492833000644776,0.0007750977608592536,3.143177266764291e-05,63,45,5.7948384284973145,2.2241735458374023,0.044412966817617416,0.0041701640002429485,combined,0.01,0.0,106319,0.5
200,0.15110057592391968,-14.81552090174784,53.27468362254159,-6.895982695802038,11.980909056595882,0.17582296296175057,0.0003352179352961416,0.0004536340430629604,0.00035060020735031266,0.0007795820807343419,8.311859963652838e-05,63,45,4.813179016113281,1.5401265621185303,0.04641377180814743,0.022392334416508675,combined,0.01,0.0,106319,0.5
500,0.28490304946899414,-9.85582888369948,17.004022755412038,-1.1997811964919,3.227525049869152,0.1783479381977794,0.00033818675968899994,0.00046362483777071277,0.00035230274320298784,0.0007878333595426751,0.00014692091164827026,63,45,0.5662007927894592,0.179575115442276,0.0485985167324543,0.08107082545757294,combined,0.01,0.0,106319,0.5
1000,0.3446570634841919,-5.598303773088227,6.379683981567776,1.2451846413990866,1.8381165182608223,0.17950902189976245,0.0003402087386145377,0.00046762080998676903,0.0003541590309708033,0.0007919273593061379,0.00017192520958516646,63,45,3.3053691387176514,0.24536606669425964,0.049863386899232864,0.1187000498175621,combined,0.01,0.0,106319,0.5
0,0.0,-16.252616823616705,74.17037443600401,-10.830517741174376,29.644441735591176,0.17340725400929372,0.00033228888092181474,0.0004450402273260078,0.00034840263590245715,0.0007727638114817885,0.0,63,45,nan,nan,nan,nan,combined,0.1,0.0,106319,0.5
10,0.010289458557963371,-16.247244341392687,74.07867797997586,-10.833742532865715,29.666461967098616,0.17335832272438442,0.00033236461046540905,0.0004448958620447809,0.0003485209341796497,0.0007727617505548758,2.3306257864596428e-06,63,45,14.935843467712402,5.840728282928467,0.045128848403692245,9.237483754986897e-05,combined,0.1,0.0,106319,0.5
50,0.03927753120660782,-15.908374987697165,68.51825404020612,-10.392367902931504,26.79959878574406,0.17364174759718098,0.00033288971004490265,0.0004455285718975463,0.0003491361902192237,0.0007733789956031244,1.676875091049505e-05,63,45,1.1878578662872314,0.45885732769966125,0.04230021312832832,0.001470113405957818,combined,0.1,0.0,106319,0.5
100,0.06483510881662369,-15.611833391125014,63.99589662916276,-9.816055881380304,23.46913537847249,0.1741681251010725,0.0003334002264010067,0.0004477751723547398,0.00034928331405847745,0.0007750977165549006,3.143167198753357e-05,63,45,5.794839382171631,2.2241737842559814,0.04441295191645622,0.004170140717178583,combined,0.1,0.0,106319,0.5
200,0.15110042691230774,-14.81552417560563,53.274723782804045,-6.895999167108458,11.980954496178175,0.17582295958549018,0.00033521794249775086,0.00045363398924459683,0.00035060023349044997,0.0007795820407869782,8.311858168871563e-05,63,45,4.813207149505615,1.5401369333267212,0.04641375690698624,0.022392289713025093,combined,0.1,0.0,106319,0.5
500,0.28490281105041504,-9.855844837608348,17.0040852202001,-1.1998051448200049,3.227542847480034,0.1783479349366894,0.00033818677380524767,0.0004636247749507002,0.0003523027845930805,0.0007878333129698578,0.00014692091123003098,63,45,0.5661993026733398,0.17957469820976257,0.04859848693013191,0.08107069134712219,combined,0.1,0.0,106319,0.5
1000,0.3446566164493561,-5.598333789397359,6.379728074973588,1.2451563505937868,1.8381284921559737,0.1795090149783309,0.0003402087632437981,0.00046762071335296527,0.00035415909567939057,0.0007919272955460555,0.0001719251699327037,63,45,3.305431604385376,0.24536921083927155,0.049863338470458984,0.11869975924491882,combined,0.1,0.0,106319,0.5
0,0.0,-16.252616823616705,74.17037443600401,-10.830517741174376,29.644441735591176,0.17340725400929372,0.00033228888092181474,0.0004450402273260078,0.00034840263590245715,0.0007727638114817885,0.0,63,45,nan,nan,nan,nan,combined,1.0,0.0,106319,0.5
10,0.010290700010955334,-16.247257983022468,74.07891066897581,-10.833764788803276,29.666613996802997,0.17335829781961878,0.00033236458428127254,0.0004448956260693188,0.00034852097394722783,0.0007727615383233415,2.3320155986125915e-06,63,45,14.935840606689453,5.840724945068359,0.04512878507375717,9.239849168807268e-05,combined,1.0,0.0,106319,0.5
50,0.039278410375118256,-15.908410273179765,68.51881073838746,-10.392428060207786,26.799970008981163,0.17364168169580665,0.00033288967760142495,0.0004455280544934011,0.00034913630314404567,0.0007733785786115844,1.6770203532090572e-05,63,45,1.1878629922866821,0.45885980129241943,0.04230009391903877,0.0014701922191306949,combined,1.0,0.0,106319,0.5
100,0.06483351439237595,-15.611831413955032,63.99586749438387,-9.81613158039005,23.469544457073557,0.17416807753151675,0.00033340019308797993,0.00044777462872639485,0.0003492834439412235,0.0007750972493359548,3.14307269869933e-05,63,45,5.794841289520264,2.2241737842559814,0.044412776827812195,0.004169933497905731,combined,1.0,0.0,106319,0.5
200,0.15109901130199432,-14.81550338717195,53.27446877256151,-6.896132196431038,11.981321492015649,0.1758229135531397,0.0003352180166251471,0.0004536334703544397,0.00035060048208562154,0.0007795816607101906,8.311839783318378e-05,63,45,4.813460826873779,1.5402348041534424,0.046413592994213104,0.022391855716705322,combined,1.0,0.0,106319,0.5
500,0.2849019467830658,-9.856006063310524,17.004716484602813,-1.2000055501257842,3.2276917859681196,0.17834791015271612,0.0003381870054229462,0.0004636242454481366,0.00035230327801451423,0.0007878330169574511,0.00014692142576261193,63,45,0.5661797523498535,0.17956897616386414,0.04859823361039162,0.0810701847076416,combined,1.0,0.0,106319,0.5
1000,0.3446536958217621,-5.598520833377467,6.380002846005185,1.2449186301578021,1.8382291088305966,0.1795089198551239,0.00034020912105839037,0.0004676195657528168,0.00035415994212704104,0.0007919266010108546,0.00017192510932053322,63,45,3.3060848712921143,0.24539951980113983,0.04986272379755974,0.11869773268699646,combined,1.0,0.0,106319,0.5
0,0.0,-16.252616823616705,74.17037443600401,-10.830517741174376,29.644441735591176,0.17340725400929372,0.00033228888092181474,0.0004450402273260078,0.00034840263590245715,0.0007727638114817885,0.0,63,45,nan,nan,nan,nan,combined,10.0,0.0,106319,0.5
10,0.010304042138159275,-16.247399077780297,74.08131740361894,-10.833991966283307,29.66816588455778,0.17335805972062518,0.00033236432467426927,0.0004448934125847658,0.00034852133145149897,0.0007727595540812931,2.34494966843673e-06,63,45,14.935832023620605,5.840720176696777,0.045128192752599716,9.265115659218282e-05,combined,10.0,0.0,106319,0.5
50,0.03928788751363754,-15.908784376470077,68.52471323488913,-10.393063140190435,26.803889324032703,0.17364104232345834,0.00033288938302635857,0.00044552306528824543,0.00034913741741898817,0.0007733746234847777,1.6783913144809067e-05,63,45,1.1879116296768188,0.45888426899909973,0.04229890555143356,0.0014710307586938143,combined,10.0,0.0,106319,0.5
100,0.0648191049695015,-15.611776281849309,63.995055095266494,-9.816850191672593,23.473428198534144,0.17416756906134523,0.00033339997745696466,0.000447769423414428,0.000349284798013906,0.0007750929308265882,3.142135258723093e-05,63,45,5.794849395751953,2.2241663932800293,0.04441111907362938,0.004168056882917881,combined,10.0,0.0,106319,0.5
200,0.1510857194662094,-14.815340906013803,53.272475669764994,-6.897481943379413,11.985045754254966,0.17582246833631698,0.00033521873548843375,0.00045362836217486944,0.0003506029103074041,0.0007795779051974878,8.311658355654939e-05,63,45,4.815932273864746,1.5411897897720337,0.046411991119384766,0.022387782111763954,combined,10.0,0.0,106319,0.5
500,0.2848814129829407,-9.85842581971273,17.014193633962986,-1.2026526085270317,3.2296596886993196,0.17834746888996023,0.0003381889487579923,0.00046361817650612,0.00035230790126301626,0.0007878292535761127,0.0001469215199460117,63,45,0.566010057926178,0.17951878905296326,0.04859556630253792,0.08105845749378204,combined,10.0,0.0,106319,0.5
1000,0.34463226795196533,-5.599865595544202,6.381978674676696,1.2423987892683377,1.8392959860570295,0.17950793982156407,0.0003402141637469229,0.0004676063630686232,0.00035417102356126434,0.000791919273015063,0.0001719297566635602,63,45,3.3138346672058105,0.24574926495552063,0.04985513910651207,0.1186828762292862,combined,10.0,0.0,106319,0.5
0,0.0,-24.211114565195476,349.36384172029904,-20.2717170914211,176.69717839682042,0.17439340322873245,0.00031255708485506154,0.0004417832094499269,0.00032630802206275763,0.0007509605315867634,0.0,63,45,nan,nan,nan,nan,combined,0.0,0.0,120717,0.5
10,0.018791137263178825,-24.216058126685084,349.7617479927173,-20.253298615681867,175.94939056962406,0.17464651358592645,0.00031275625955435037,0.00044271387022877843,0.00032636636362085757,0.0007516081120025615,9.230542174155557e-06,63,45,6782.0859375,2763.738037109375,0.04811866208910942,0.0003234411124140024,combined,0.0,0.0,120717,0.5
50,0.03149177134037018,-24.19323311465545,347.9283436160162,-20.233250920533443,175.13905312761958,0.17472617439728172,0.00031283977912068,0.00044261799312419277,0.000326546203773269,0.0007515192592861446,1.3903301294499872e-05,63,45,5.743503570556641,2.375019073486328,0.04783286154270172,0.0009865104220807552,combined,0.0,0.0,120717,0.5
100,0.05547541752457619,-24.17165622168795,346.20403099305065,-20.168537696316772,172.5486933909758,0.174994996684426,0.000313041547903635,0.0004430073665173443,0.00032681008507940546,0.0007517103389124785,2.5673849867295963e-05,63,45,6.208613872528076,2.211604118347168,0.04368859902024269,0.0030694440938532352,combined,0.0,0.0,120717,0.5
200,0.1894976794719696,-23.109619057658136,271.0993047644523,-18.061737951548743,106.22621336641454,0.17726673854544805,0.0003146626668310732,0.00045159836528537307,0.0003273319800384729,0.0007577830026858596,9.397664584699673e-05,63,45,10.108414649963379,3.746087074279785,0.047994084656238556,0.035788990557193756,combined,0.0,0.0,120717,0.5
500,0.362137109041214,-12.613982309730623,24.18603789740906,-6.346141743109207,7.156028798571243,0.18087230031206084,0.0003188846385744363,0.0004648003401462938,0.000330356361698009,0.0007695910377247592,0.0001782203026564663,63,45,11.393632888793945,3.5374906063079834,0.053590014576911926,0.13099367916584015,combined,0.0,0.0,120717,0.5
1000,0.5563938617706299,-4.486171602896174,3.7220624736745007,2.2145918481761115,0.9967786345623117,0.1861684055993489,0.0003297502887756089,0.00048095895318615156,0.000341648172204119,0.0007906781922713589,0.0002720558851778043,63,45,1.251582384109497,0.4090624451637268,0.050071049481630325,0.3095075190067291,combined,0.0,0.0,120717,0.5
0,0.0,-24.211114565195476,349.36384172029904,-20.2717170914211,176.69717839682042,0.17439340322873245,0.00031255708485506154,0.0004417832094499269,0.00032630802206275763,0.0007509605315867634,0.0,63,45,nan,nan,nan,nan,combined,0.01,0.0,120717,0.5
10,0.018791083246469498,-24.21605841081623,349.7617708753958,-20.253299764101417,175.94943709652114,0.17464651262908787,0.00031275625857564947,0.00044271386290828824,0.00032636636435711466,0.0007516081065276988,9.230514516368292e-06,63,45,6782.0869140625,2763.739013671875,0.048118654638528824,0.0003234389587305486,combined,0.01,0.0,120717,0.5
50,0.031491756439208984,-24.193233100598334,347.92834248985184,-20.233250946291264,175.13905416636197,0.17472617238033558,0.0003128397796714162,0.00044261798454874084,0.000326546206361665,0.0007515192556242372,1.3903293913457426e-05,63,45,5.743503570556641,2.3750193119049072,0.04783286154270172,0.0009865097235888243,combined,0.01,0.0,120717,0.5
100,0.05547541379928589,-24.171656571753477,346.20405889902395,-20.168538767647973,172.548735955832,0.1749949950116304,0.00031304154499798724,0.0004430073519371637,0.00032681008580160033,0.0007517103250846983,2.5673853599522517e-05,63,45,6.208614826202393,2.2116053104400635,0.04368859529495239,0.003069443628191948,combined,0.01,0.0,120717,0.5
200,0.1894976645708084,-23.109633007075555,271.10017552924296,-18.061751282146986,106.22653942654321,0.17726673732304146,0.0003146626657375679,0.0004515983484211629,0.00032733198393257137,0.0007577829892001372,9.397663552661421e-05,63,45,10.108419418334961,3.746088743209839,0.047994084656238556,0.03578898310661316,combined,0.01,0.0,120717,0.5
500,0.3621370792388916,-12.613983176505174,24.18604272451259,-6.346142677138429,7.156030337605473,0.18087229828653742,0.00031888463770225777,0.00046480030722312587,0.0003303563726161746,0.0007695910135774308,0.000178220294524883,63,45,11.393643379211426,3.537492513656616,0.05359000340104103,0.13099364936351776,combined,0.01,0.0,120717,0.5
1000,0.5563938617706299,-4.486183588909406,3.722072746140186,2.2145862348150875,0.9967799229235933,0.18616839989375983,0.00032975027646855933,0.0004809588678501595,0.0003416481861142125,0.0007906781147632698,0.00027205585475191497,63,45,1.2515839338302612,0.4090628921985626,0.05007103830575943,0.30950748920440674,combined,0.01,0.0,120717,0.5
0,0.0,-24.211114565195476,349.36384172029904,-20.2717170914211,176.69717839682042,0.17439340322873245,0.00031255708485506154,0.0004417832094499269,0.00032630802206275763,0.0007509605315867634,0.0,63,45,nan,nan,nan,nan,combined,0.1,0.0,120717,0.5
10,0.018790606409311295,-24.216059930045777,349.7618932275166,-20.25330552996015,175.94967069384143,0.17464650600919154,0.00031275625429488384,0.0004427138039889642,0.0003263663761789513,0.0007516080664006238,9.230273172904807e-06,63,45,6782.08203125,2763.73974609375,0.04811864718794823,0.000323419546475634,combined,0.1,0.0,120717,0.5
50,0.03149165213108063,-24.193235984817672,347.92857355472364,-20.233260310969538,175.13943181856158,0.17472616143295994,0.0003128397727803589,0.0004426178916340366,0.0003265462238190318,0.0007515191896180972,1.3903182940755295e-05,63,45,5.743505477905273,2.37502121925354,0.04783283919095993,0.0009865029715001583,combined,0.1,0.0,120717,0.5
100,0.055475424975156784,-24.171653770934498,346.20383562780427,-20.168545667313577,172.54901008538548,0.17499498170426814,0.00031304153797276054,0.0004430072112538792,0.00032681011827128515,0.0007517102197494507,2.5673946983342233e-05,63,45,6.208608627319336,2.211609363555908,0.04368855804204941,0.0030694445595145226,combined,0.1,0.0,120717,0.5
200,0.18949739634990692,-23.10971676844038,271.1054042255848,-18.0618506463238,106.22896985884995,0.17726672552125133,0.00031466265685557937,0.0004515981831543983,0.0003273320241878109,0.0007577828553173786,9.397648027528478e-05,63,45,10.108498573303223,3.7461178302764893,0.04799402505159378,0.035788875073194504,combined,0.1,0.0,120717,0.5
500,0.36213675141334534,-12.614000921715087,24.18614154853634,-6.346165652503334,7.156068195061651,0.18087227921874627,0.0003188846093324671,0.0004647999960196307,0.00033035644164194574,0.0007695907515991089,0.00017822013634757262,63,45,11.393635749816895,3.537492036819458,0.05358989164233208,0.13099342584609985,combined,0.1,0.0,120717,0.5
1000,0.5563939809799194,-4.486278121799256,3.7221537653879686,2.214559400856713,0.9967860817938318,0.18616835968771836,0.0003297502197485335,0.000480958163797224,0.00034164836460537655,0.0007906775313589793,0.00027205571593772365,63,45,1.2515898942947388,0.40906280279159546,0.05007088929414749,0.3095076084136963,combined,0.1,0.0,120717,0.5
0,0.0,-24.211114565195476,349.36384172029904,-20.2717170914211,176.69717839682042,0.17439340322873245,0.00031255708485506154,0.0004417832094499269,0.00032630802206275763,0.0007509605315867634,0.0,63,45,nan,nan,nan,nan,combined,1.0,0.0,120717,0.5
10,0.01878584921360016,-24.2160404490355,349.7603243151685,-20.253337283063345,175.95095714087412,0.17464642753329784,0.00031275622478043957,0.00044271321985359314,0.00032636649838327033,0.0007516076886375547,9.227890262036296e-06,63,45,6782.0517578125,2763.749267578125,0.048118554055690765,0.00032322638435289264,combined,1.0,0.0,120717,0.5
50,0.03149057924747467,-24.193217530363672,347.9270951066932,-20.23330719500574,175.141322537446,0.1747260610876531,0.0003128397077808371,0.0004426170097419014,0.00032654639118503325,0.0007515185565844962,1.3902131316890149e-05,63,45,5.743506908416748,2.375032901763916,0.047832682728767395,0.0009864364983513951,combined,1.0,0.0,120717,0.5
100,0.055474258959293365,-24.17161140457719,346.200458351677,-20.168597198583825,172.55105748013554,0.1749948404176784,0.0003130414309647809,0.0004430058489678594,0.0003268103806309202,0.0007517091873252141,2.5673952440404017e-05,63,45,6.208624362945557,2.2116827964782715,0.04368824139237404,0.0030693146400153637,combined,1.0,0.0,120717,0.5
200,0.1894943118095398,-23.110549890440602,271.1574162937917,-18.062820723057985,106.25270070655675,0.17726660827646307,0.00031466259932997855,0.00045159666847332234,0.0003273324128382239,0.0007577816775096836,9.397477140014349e-05,63,45,10.109265327453613,3.7464053630828857,0.047993529587984085,0.03578770533204079,combined,1.0,0.0,120717,0.5
500,0.3621329069137573,-12.614186290259088,24.187173900019662,-6.346410828269736,7.156472193754276,0.1808720729845427,0.0003188843221123811,0.0004647972616415808,0.0003303569709320141,0.000769588417536551,0.00017821816057423322,63,45,11.393584251403809,3.537506103515625,0.053588952869176865,0.1309906244277954,combined,1.0,0.0,120717,0.5
1000,0.5563937425613403,-4.487327123284479,3.7230529286478435,2.214252844254294,0.9968564446817533,0.18616793518528177,0.0003297495794183289,0.0004809513955653074,0.0003416499216630334,0.0007906718430456905,0.00027205379809275445,63,45,1.2516649961471558,0.40906670689582825,0.050069503486156464,0.3095073401927948,combined,1.0,0.0,120717,0.5
0,0.0,-24.211114565195476,349.36384172029904,-20.2717170914211,176.69717839682042,0.17439340322873245,0.00031255708485506154,0.0004417832094499269,0.00032630802206275763,0.0007509605315867634,0.0,63,45,nan,nan,nan,nan,combined,10.0,0.0,120717,0.5
10,0.018740659579634666,-24.215887163308146,349.7479796223832,-20.25367556932778,175.96466307376735,0.17464569253911327,0.0003127559181975908,0.00044270754910694327,0.00032636768112128306,0.0007516039890190276,9.205098614360048e-06,63,45,6781.76220703125,2763.84619140625,0.048117656260728836,0.0003213933960068971,combined,10.0,0.0,120717,0.5
50,0.0314791239798069,-24.193051847047556,347.9138219435036,-20.233790885089334,175.16082977092685,0.1747250474090668,0.0003128390768272621,0.00044260819955772347,0.00032654809200644046,0.0007515122598716663,1.3891286676679633e-05,63,45,5.743556976318359,2.3751614093780518,0.04783103987574577,0.0009857222903519869,combined,10.0,0.0,120717,0.5
100,0.05546027049422264,-24.171197342524515,346.1674527195316,-20.169126306491126,172.5720809318381,0.17499336584699549,0.00031304028368702824,0.0004429919829102391,0.0003268129394871727,0.0007516986121039448,2.5672654027356538e-05,63,45,6.208747386932373,2.212423324584961,0.04368499666452408,0.003067759796977043,combined,10.0,0.0,120717,0.5
200,0.18976883590221405,-23.092013912275174,270.002564599771,-18.041357269223447,105.72888014203684,0.17726982884623635,0.00031466413006001596,0.00045160912627307815,0.00032733207360013765,0.0007577893086948394,9.408355887097191e-05,63,45,10.09211540222168,3.7395102977752686,0.04799722135066986,0.03589211404323578,combined,10.0,0.0,120717,0.5
500,0.36238893866539,-12.609887677421359,24.163245468379497,-6.3390485931152085,7.144350695532737,0.1808758009565024,0.0003188899707141721,0.00046479817591596836,0.00033036638394438953,0.0007695918924423844,0.0001783135674910528,63,45,11.391342163085938,3.5354831218719482,0.05358664691448212,0.1311766654253006,combined,10.0,0.0,120717,0.5
1000,0.5566911101341248,-4.474047050050686,3.711685780122245,2.2199653381765536,0.995546091199244,0.18617446499140436,0.00032976721413544496,0.00048092619793968565,0.0003416872297190105,0.0007906676437484537,0.00027219018919487207,63,45,1.249269723892212,0.40869250893592834,0.05005919188261032,0.3098382353782654,combined,10.0,0.0,120717,0.5
0,0.0,-28.06488409583863,194.55850276164765,-22.296576862951593,43.648029486668385,0.1747288505215207,0.0003093042149979242,0.0004208497547848601,0.0003233813504104159,0.00072880006256572,0.0,63,45,nan,nan,nan,nan,combined,0.0,0.0,121618,0.5
10,0.02154931239783764,-27.011250145827134,152.6464893011486,-21.389272433006393,35.41882903069067,0.1749775205360677,0.0003097216313082183,0.00042194665483154205,0.0003236360127911077,0.0007296898752094518,1.102163809318077e-05,63,45,6.623916149139404,2.8455052375793457,0.04489802196621895,0.0004007764218840748,combined,0.0,0.0,121618,0.5
50,0.06622643023729324,-25.079378212787432,97.83621148583536,-19.547603258621656,23.17753692274527,0.17565900983923036,0.00031072084262000595,0.0004248011852688175,0.0003241982566810216,0.0007319970583611223,3.687679589597514e-05,63,45,1.3545595407485962,0.45686376094818115,0.04483693093061447,0.004343141335994005,combined,0.0,0.0,121618,0.5
100,0.10740555822849274,-24.091575626447103,77.93263643475501,-18.02156110036439,16.31034193325911,0.17636677797178943,0.00031178218547297046,0.00042796670477189227,0.000324753106341194,0.0007346760377207384,6.058460752771922e-05,63,45,1.63933265209198,0.5537174940109253,0.0482240691781044,0.011422600597143173,combined,0.0,0.0,121618,0.5
200,0.16102224588394165,-22.751459186226896,57.241067512417075,-16.867137103464852,12.503185257242883,0.1772787672573243,0.0003132146398837748,0.00043217027760056006,0.000325489451344745,0.0007383207553682791,8.805405895529885e-05,63,45,20.948318481445312,11.008153915405273,0.046530332416296005,0.02585381455719471,combined,0.0,0.0,121618,0.5
500,0.24256299436092377,-20.864061052241777,37.06533341535096,-15.630349003798242,9.404633076020023,0.1789030917898726,0.00031637144881076733,0.0004387272512121667,0.0003279952995396926,0.0007449527511575354,0.00012819479294016504,63,45,2.8459930419921875,0.8012524843215942,0.04715150222182274,0.058994755148887634,combined,0.0,0.0,121618,0.5
1000,0.38905003666877747,-17.969307415008203,19.03235577215669,-11.797782130949734,3.8912144752750684,0.18242675401369657,0.0003266251955587424,0.0004521723128122682,0.0003381306244454894,0.0007625066469361212,0.00020399890681949072,63,45,1.134872317314148,0.2504209876060486,0.047177378088235855,0.15105469524860382,combined,0.0,0.0,121618,0.5
0,0.0,-28.06488409583863,194.55850276164765,-22.296576862951593,43.648029486668385,0.1747288505215207,0.0003093042149979242,0.0004208497547848601,0.0003233813504104159,0.00072880006256572,0.0,63,45,nan,nan,nan,nan,combined,0.01,0.0,121618,0.5
10,0.02154931239783764,-27.01124983414092,152.6464783459543,-21.38927084212025,35.41881605624214,0.17497752055430213,0.00030972163148576906,0.00042194665518728087,0.00032363601289133354,0.000729689875373434,1.1021638564795434e-05,63,45,6.623916149139404,2.8455052375793457,0.04489802196621895,0.00040077639278024435,combined,0.01,0.0,121618,0.5
50,0.06622643023729324,-25.079377797774676,97.83620213658601,-19.54760166479327,23.177528416763483,0.17565901022543562,0.0003107208428592446,0.0004248011847926962,0.00032419825708431747,0.0007319970579922285,3.6876795345643245e-05,63,45,1.3545584678649902,0.4568633735179901,0.04483693093061447,0.004343140870332718,combined,0.01,0.0,121618,0.5
100,0.10740555077791214,-24.09158052756289,77.93272438362511,-18.021564394741706,16.310354305610836,0.1763667777649401,0.00031178218513730266,0.0004279667040537576,0.00032475310588685603,0.0007346760365653276,6.0584604286857574e-05,63,45,1.6393319368362427,0.553717315196991,0.0482240691781044,0.011422599665820599,combined,0.01,0.0,121618,0.5
200,0.16102223098278046,-22.751462742544287,57.241114385563236,-16.8671406391581,12.503195436383427,0.17727876739051884,0.0003132146391030198,0.0004321702770315875,0.0003254894507542593,0.0007383207544396152,8.805405221938998e-05,63,45,20.948379516601562,11.008187294006348,0.046530332416296005,0.025853808969259262,combined,0.01,0.0,121618,0.5
500,0.24256294965744019,-20.864061111342515,37.0653339197526,-15.63034904424061,9.404633163597842,0.17890309109974598,0.00031637144886589326,0.00043872724782692497,0.00032799530049212135,0.000744952748310268,0.00012819477948054718,63,45,2.8459930419921875,0.8012524843215942,0.04715150222182274,0.05899474024772644,combined,0.01,0.0,121618,0.5
1000,0.3890500068664551,-17.969307659623247,19.032356844148353,-11.797783527925816,3.8912157269452248,0.1824267538884465,0.00032662519644907064,0.0004521723069015472,0.0003381306280140673,0.0007625066405334669,0.0002039989054274838,63,45,1.1348717212677002,0.2504209578037262,0.047177378088235855,0.15105469524860382,combined,0.01,0.0,121618,0.5
0,0.0,-28.06488409583863,194.55850276164765,-22.296576862951593,43.648029486668385,0.1747288505215207,0.0003093042149979242,0.0004208497547848601,0.0003233813504104159,0.00072880006256572,0.0,63,45,nan,nan,nan,nan,combined,0.1,0.0,121618,0.5
10,0.02154931053519249,-27.011249714895065,152.64647415468312,-21.389270292480656,35.418811573665614,0.17497752050708718,0.0003097216319076706,0.0004219466549459846,0.00032363601352518827,0.0007296898754677256,1.1021635686215145e-05,63,45,6.623915672302246,2.8455052375793457,0.04489802196621895,0.00040077633457258344,combined,0.1,0.0,121618,0.5
50,0.06622640788555145,-25.079379097484598,97.8362314159591,-19.547602576740235,23.177533283663664,0.17565901014020233,0.00031072084040952795,0.0004248011800546297,0.00032419825590912043,0.0007319970507057882,3.6876789823224534e-05,63,45,1.3545598983764648,0.4568638801574707,0.04483693093061447,0.004343139007687569,combined,0.1,0.0,121618,0.5
100,0.10740550607442856,-24.091580778147193,77.93272888027862,-18.021564729768194,16.310355563835657,0.17636677650998556,0.0003117821877621229,0.0004279666975288989,0.0003247531117282038,0.0007346760347931618,6.058457717885979e-05,63,45,1.6393321752548218,0.5537174940109253,0.0482240691781044,0.011422589421272278,combined,0.1,0.0,121618,0.5
200,0.16102217137813568,-22.751456512086556,57.24103226660875,-16.867139271551547,12.503191499089715,0.17727876737806395,0.0003132146430304432,0.0004321702694036716,0.0003254894589963589,0.0007383207493929687,8.80540503934524e-05,63,45,20.948341369628906,11.008169174194336,0.04653032869100571,0.02585379034280777,combined,0.1,0.0,121618,0.5
500,0.24256283044815063,-20.864061172079126,37.06533443811582,-15.630349070606,9.404633220692011,0.17890308941948388,0.00031637146446964994,0.000438727230258366,0.00032799532482943823,0.0007449527437166996,0.00012819476435697332,63,45,2.845987558364868,0.8012505769729614,0.04715149104595184,0.05899468809366226,combined,0.1,0.0,121618,0.5
1000,0.3890497386455536,-17.96930952608612,19.032365023666298,-11.797794306316645,3.891225384239458,0.18242674923419003,0.00032662522390107437,0.0004521722254717908,0.0003381306903221615,0.0007625065938897464,0.00020399887996903508,63,45,1.1348704099655151,0.2504217028617859,0.04717733711004257,0.1510544717311859,combined,0.1,0.0,121618,0.5
0,0.0,-28.06488409583863,194.55850276164765,-22.296576862951593,43.648029486668385,0.1747288505215207,0.0003093042149979242,0.0004208497547848601,0.0003233813504104159,0.00072880006256572,0.0,63,45,nan,nan,nan,nan,combined,1.0,0.0,121618,0.5
10,0.021549301221966743,-27.011254559016848,152.64664441669498,-21.38927541733811,35.418853369376855,0.17497752002698422,0.00030972163195338464,0.00042194664857833115,0.00032363601596440106,0.0007296898707670789,1.1021615818852199e-05,63,45,6.623916149139404,2.8455047607421875,0.04489801824092865,0.00040077604353427887,combined,1.0,0.0,121618,0.5
50,0.06622631847858429,-25.0793773942993,97.83619304724726,-19.547599021991054,23.17751431259975,0.17565900619531524,0.0003107208520879035,0.00042480114424450836,0.0003241982807479496,0.0007319970350720046,3.687671941371758e-05,63,45,1.3545572757720947,0.4568631649017334,0.044836923480033875,0.004343125969171524,combined,1.0,0.0,121618,0.5
100,0.1074051633477211,-24.09157303074272,77.93258985575518,-18.021560060071597,16.310338026341142,0.17636677157609984,0.0003117822024968977,0.0004279666351512824,0.00032475315194344323,0.000734675998630459,6.058446288873191e-05,63,45,1.6393293142318726,0.5537169575691223,0.04822404682636261,0.011422518640756607,combined,1.0,0.0,121618,0.5
200,0.16102173924446106,-22.751428898223057,57.240668310562306,-16.86713451784061,12.503177813323926,0.17727876246397647,0.00031321469164418466,0.0004321702085229184,0.000325489546999405,0.0007383207316870534,8.805402274940977e-05,63,45,20.948801040649414,11.008415222167969,0.04653030261397362,0.025853656232357025,combined,1.0,0.0,121618,0.5
500,0.24256150424480438,-20.864052818052908,37.06526313983995,-15.630341852202744,9.40461758927566,0.178903076206359,0.0003163715812111239,0.0004387270328042685,0.0003279955310357508,0.0007449526409075323,0.0001281946436157937,63,45,2.8459646701812744,0.8012409806251526,0.047151386737823486,0.05899403989315033,combined,1.0,0.0,121618,0.5
1000,0.389046311378479,-17.96936672768457,19.032615703542874,-11.79796958519418,3.8913824351368924,0.18242670520654372,0.0003266255220411134,0.0004521714223900869,0.0003381313383107742,0.0007625061422334401,0.0002039984743348826,63,45,1.134850025177002,0.25042614340782166,0.04717691242694855,0.15105180442333221,combined,1.0,0.0,121618,0.5
0,0.0,-28.06488409583863,194.55850276164765,-22.296576862951593,43.648029486668385,0.1747288505215207,0.0003093042149979242,0.0004208497547848601,0.0003233813504104159,0.00072880006256572,0.0,63,45,nan,nan,nan,nan,combined,10.0,0.0,121618,0.5
10,0.021549206227064133,-27.011289864208837,152.64788533529247,-21.38929692985399,35.419028814970666,0.17497751499481948,0.00030972164331350365,0.00042194660087623725,0.00032363604485985626,0.0007296898440079097,1.102148251124292e-05,63,45,6.6239142417907715,2.845506191253662,0.044898007065057755,0.00040077292942442,combined,10.0,0.0,121618,0.5
50,0.06622521579265594,-25.07943666200368,97.83752821644121,-19.54763410464711,23.177701543172773,0.175658991167596,0.00031072094987953533,0.00042480079775237905,0.00032419852996374367,0.0007319968416929359,3.687609603733047e-05,63,45,1.354540467262268,0.4568592607975006,0.04483681544661522,0.004342982545495033,combined,10.0,0.0,121618,0.5
100,0.10740148276090622,-24.091521137548824,77.93165865653373,-18.02152363859124,16.310201242617225,0.17636673269931566,0.00031178235907615426,0.00042796601715978363,0.00032475357012322554,0.0007346756346020502,6.058321803589818e-05,63,45,1.6393063068389893,0.5537149310112,0.04822389408946037,0.01142173446714878,combined,10.0,0.0,121618,0.5
200,0.16106145083904266,-22.751313104278438,57.23914214923811,-16.86701101005766,12.50282224403211,0.17727883521522178,0.00031321464617112125,0.00043217143021528074,0.0003254890426884026,0.0007383217746336518,8.806014130570713e-05,63,45,20.91598129272461,10.991231918334961,0.04653071239590645,0.025866860523819923,combined,10.0,0.0,121618,0.5
500,0.2426377385854721,-20.864066769927888,37.06538221359511,-15.630154722745708,9.404212370434072,0.17890232527383862,0.0003163702703075076,0.00043872484462977946,0.0003279942800886414,0.0007449505144967024,0.00012818470453034093,63,45,2.8459043502807617,0.8012571930885315,0.04715137183666229,0.05903128534555435,combined,10.0,0.0,121618,0.5
1000,0.3890428841114044,-17.970064401416256,19.035673449657793,-11.800578015683454,3.893720353267462,0.1824251648273491,0.00032662852781240823,0.0004521580310517691,0.00033813921451185885,0.0007624982151091654,0.000203983889329673,63,45,1.134473204612732,0.25052231550216675,0.04717104136943817,0.151048943400383,combined,10.0,0.0,121618,0.5
0,0.0,-27.558568981992554,504.65425250212087,-23.318394741191945,170.5092175678996,0.1566807853915402,0.0003758220527910952,0.0004692771534623666,0.00038830204935810363,0.0008158189911938761,0.0,63,45,nan,nan,nan,nan,combined,0.0,0.0,116726,0.5
10,0.020514335483312607,-27.50540876660283,498.5146386346892,-23.30132034356678,169.8401723035715,0.1565235765382567,0.00037541278545403877,0.00046866481006887996,0.000387935483301683,0.0008152092566247908,8.827495411477277e-06,63,45,577.0660400390625,163.75119018554688,0.0376225970685482,0.0003531402617227286,combined,0.0,0.0,116726,0.5
50,0.05959467962384224,-27.45714247387578,493.004957475552,-23.273975924323153,168.774169588386,0.15621658054410908,0.0003746510345524398,0.0004675069557345538,0.000387256378790454,0.0008141664209119793,2.7836119222337124e-05,63,45,897.8346557617188,484.6892395019531,0.04711949825286865,0.003477687481790781,combined,0.0,0.0,116726,0.5
100,0.07748288661241531,-27.371970526579943,483.4305498322424,-23.251234918515067,167.89272547138665,0.15593924154442682,0.0003742438753278758,0.0004661213049727417,0.00038712153279453775,0.0008130653958295607,3.402700558389071e-05,63,45,1.3909478187561035,0.6226609945297241,0.037577662616968155,0.005950233433395624,combined,0.0,0.0,116726,0.5
200,0.1479019969701767,-27.30007062989372,475.49297172914777,-23.18929843925128,165.51533269409381,0.15529253077640856,0.000373555352534018,0.00046285445380394295,0.0003870880401596311,0.0008106590866327657,5.619349333689937e-05,63,45,1.1175674200057983,0.48246487975120544,0.03691325709223747,0.021598663181066513,combined,0.0,0.0,116726,0.5
500,0.38931792974472046,-26.874796491998477,431.13838266523277,-23.199527609336698,165.9056392793902,0.1533635809193541,0.0003732319672408485,0.0004567996960277342,0.00038817774572125316,0.0008096588786137428,0.00012690585144858882,63,45,2085.271728515625,977.7127685546875,0.03580356761813164,0.15120945870876312,combined,0.0,0.0,116726,0.5
1000,0.5768490433692932,-26.681936574681067,412.4114330543906,-23.30050114659201,169.80813887006406,0.15284681772668932,0.00037372137057451366,0.0004554491740591562,0.00038941499303893383,0.000810347097060813,0.00015316046314576943,63,45,5.083255290985107,1.7154802083969116,0.04832287132740021,0.33240973949432373,combined,0.0,0.0,116726,0.5
0,0.0,-27.558568981992554,504.65425250212087,-23.318394741191945,170.5092175678996,0.1566807853915402,0.0003758220527910952,0.0004692771534623666,0.00038830204935810363,0.0008158189911938761,0.0,63,45,nan,nan,nan,nan,combined,0.01,0.0,116726,0.5
10,0.020514335483312607,-27.505410823452834,498.5148747348753,-23.301321455336655,169.84021578172275,0.15652357686531113,0.0003754127852050271,0.00046866480966838885,0.00038793548329468005,0.0008152092560090946,8.827492947141843e-06,63,45,577.0660400390625,163.75115966796875,0.0376225970685482,0.00035314023261889815,combined,0.01,0.0,116726,0.5
50,0.05959467962384224,-27.45714111458,493.0048031702406,-23.273976012451687,168.7741730132097,0.1562165805425883,0.00037465103513910835,0.00046750695536967266,0.00038725637959997135,0.0008141664217179618,2.7836114594441296e-05,63,45,897.8353881835938,484.6897277832031,0.04711949825286865,0.003477687481790781,combined,0.01,0.0,116726,0.5
100,0.07748289406299591,-27.371970436996797,483.4305398603839,-23.251234834097836,167.89272220792398,0.15593924189802327,0.00037424387547502387,0.00046612130379487267,0.00038712153365437626,0.0008130653955892717,3.402700203402899e-05,63,45,1.390947937965393,0.6226611137390137,0.037577662616968155,0.0059502338990569115,combined,0.01,0.0,116726,0.5
200,0.1479020118713379,-27.300071722010586,475.4930913010006,-23.18930021498705,165.51540036973068,0.15529253029724874,0.0003735553530693155,0.00046285445295657113,0.0003870880409620305,0.0008106590873022041,5.619349966715774e-05,63,45,1.1175673007965088,0.48246482014656067,0.03691325709223747,0.021598665043711662,combined,0.01,0.0,116726,0.5
500,0.38931792974472046,-26.874795217052174,431.13825609714814,-23.19952674712914,165.90560634204297,0.15336358063378258,0.00037323196674198596,0.00045679969575947654,0.00038817774504415253,0.0008096588777299043,0.000126905851717116,63,45,2085.271728515625,977.7127075195312,0.03580356761813164,0.15120947360992432,combined,0.01,0.0,116726,0.5
1000,0.5768490433692932,-26.681935738788674,412.4113536770186,-23.300500630618597,169.80811869562405,0.152846816966815,0.00037372137114735166,0.00045544917262733086,0.00038941499384475436,0.000810347098581028,0.00015316047476648175,63,45,5.083255767822266,1.7154805660247803,0.04832287132740021,0.33240973949432373,combined,0.01,0.0,116726,0.5
0,0.0,-27.558568981992554,504.65425250212087,-23.318394741191945,170.5092175678996,0.1566807853915402,0.0003758220527910952,0.0004692771534623666,0.00038830204935810363,0.0008158189911938761,0.0,63,45,nan,nan,nan,nan,combined,0.1,0.0,116726,0.5
10,0.02051432989537716,-27.505411022237173,498.5148975527912,-23.301321453988276,169.84021572899135,0.15652357681881288,0.0003754127853794857,0.0004686648070252456,0.00038793548436657696,0.0008152092554306781,8.827485965747615e-06,63,45,577.06689453125,163.75125122070312,0.0376225970685482,0.0003531399997882545,combined,0.1,0.0,116726,0.5
50,0.05959466099739075,-27.45714287420548,493.00500292041613,-23.273976351938085,168.77418620622524,0.15621657889883914,0.0003746510341091944,0.0004675069519877941,0.0003872563785624109,0.0008141664180125174,2.783611544709747e-05,63,45,897.834716796875,484.6893310546875,0.04711949825286865,0.003477684687823057,combined,0.1,0.0,116726,0.5
100,0.07748296111822128,-27.371971390593558,483.4306460090607,-23.251236376912683,167.89278185119377,0.15593924032446932,0.00037424387570481976,0.0004661212982531413,0.0003871215348874336,0.0008130653934269466,3.402704493361469e-05,63,45,1.3909478187561035,0.6226610541343689,0.037577662616968155,0.005950243677943945,combined,0.1,0.0,116726,0.5
200,0.14790226519107819,-27.30007478763019,475.4934269445598,-23.189300076895627,165.51539510688306,0.1552925287538544,0.00037355535238325774,0.00046285444351164506,0.0003870880425897823,0.0008106590820393401,5.619360040656583e-05,63,45,1.1175673007965088,0.4824647903442383,0.03691325709223747,0.021598737686872482,combined,0.1,0.0,116726,0.5
500,0.3893182575702667,-26.874796567939093,431.13839020410666,-23.199529590850453,165.90571497558133,0.1533635789277463,0.00037323197029326416,0.00045679969195347426,0.0003881777503852718,0.0008096588812944433,0.00012690592135088525,63,45,2085.27197265625,977.7129516601562,0.03580356761813164,0.15120971202850342,combined,0.1,0.0,116726,0.5
1000,0.5768492221832275,-26.681936425809255,412.41141891733855,-23.300501511530666,169.8081531390818,0.15284681813495926,0.00037372136827035164,0.00045544917478311574,0.00038941498990403096,0.0008103470897553298,0.0001531604449162501,63,45,5.083255767822266,1.715480923652649,0.04832287132740021,0.33240991830825806,combined,0.1,0.0,116726,0.5
0,0.0,-27.558568981992554,504.65425250212087,-23.318394741191945,170.5092175678996,0.1566807853915402,0.0003758220527910952,0.0004692771534623666,0.00038830204935810363,0.0008158189911938761,0.0,63,45,nan,nan,nan,nan,combined,1.0,0.0,116726,0.5
10,0.02051428332924843,-27.5054075159731,498.51449507837805,-23.301318051728487,169.84008267634297,0.15652357155613325,0.000375412779901312,0.000468664781227388,0.00038793548488687637,0.0008152092350702785,8.827465596198156e-06,63,45,577.0659790039062,163.751220703125,0.0376225970685482,0.0003531381662469357,combined,1.0,0.0,116726,0.5
50,0.05959455296397209,-27.457139934554306,493.00466921545154,-23.273976601508444,168.77419590495208,0.1562165700877947,0.0003746510224854271,0.00046750690314944354,0.00038725637687672524,0.0008141663778800371,2.7836071170587018e-05,63,45,897.8313598632812,484.6874694824219,0.04711948707699776,0.0034776697866618633,combined,1.0,0.0,116726,0.5
100,0.0774836391210556,-27.371966242963293,483.430073005983,-23.251235895532517,167.89276324164345,0.15593922576578514,0.000374243860419367,0.00046612122280415816,0.0003871215351356525,0.0008130653407750062,3.40273814534505e-05,63,45,1.39094877243042,0.6226614117622375,0.03757765144109726,0.005950345657765865,combined,1.0,0.0,116726,0.5
200,0.14790450036525726,-27.30007132585401,475.49304792727264,-23.1892980800324,165.51531900379086,0.15529250799036015,0.00037355533534496585,0.00046285433663797423,0.00038708804569225744,0.0008106590146988303,5.6194447870133196e-05,63,45,1.1175671815872192,0.4824647903442383,0.03691324591636658,0.02159939706325531,combined,1.0,0.0,116726,0.5
500,0.3893214762210846,-26.87478807570851,431.1375471533203,-23.199531924948662,165.90580414096394,0.15336356043358126,0.00037323199141308495,0.00045679965164536145,0.0003881777891907517,0.0008096588998118804,0.00012690660461601473,63,45,2085.26904296875,977.7127075195312,0.03580355644226074,0.15121221542358398,combined,1.0,0.0,116726,0.5
1000,0.5768513083457947,-26.681930373188795,412.41084415340373,-23.300499469899584,169.80807331179022,0.15284682830799162,0.0003737213578351695,0.0004554491885625578,0.0003894149800674631,0.0008103470465103765,0.00015316043234142078,63,45,5.083239555358887,1.715480089187622,0.04832286015152931,0.33241233229637146,combined,1.0,0.0,116726,0.5
0,0.0,-27.558568981992554,504.65425250212087,-23.318394741191945,170.5092175678996,0.1566807853915402,0.0003758220527910952,0.0004692771534623666,0.00038830204935810363,0.0008158189911938761,0.0,63,45,nan,nan,nan,nan,combined,10.0,0.0,116726,0.5
10,0.020513800904154778,-27.505411923961503,498.515001059301,-23.30131053859691,169.83978885962696,0.15652352466377706,0.00037541273181590463,0.0004686645306849445,0.00038793549449073813,0.0008152090403757485,8.827135891408125e-06,63,45,577.06787109375,163.75071716308594,0.03762255236506462,0.0003531191614456475,combined,10.0,0.0,116726,0.5
50,0.059593066573143005,-27.45710609310742,493.0008275994471,-23.273970306141237,168.7739512564906,0.15621648516067618,0.00037465091805299406,0.0004675064273062115,0.00038725637555214406,0.0008141659935583296,2.7835502785221362e-05,63,45,897.8130493164062,484.6767578125,0.0471193790435791,0.003477475605905056,combined,10.0,0.0,116726,0.5
100,0.07748965173959732,-27.371928193082265,483.42583754434315,-23.251240842544636,167.8929544869946,0.15593907931135448,0.0003742436979214965,0.0004661204969084094,0.0003871215136062297,0.0008130648009691373,3.4030533665159065e-05,63,45,1.3909541368484497,0.6226630210876465,0.037577588111162186,0.005951243452727795,combined,10.0,0.0,116726,0.5
200,0.14792530238628387,-27.30005956338786,475.4917600998797,-23.18927603006529,165.5144786527785,0.155292309587661,0.0003735552164249639,0.0004628533756705097,0.00038708811738063603,0.0008106584752611,5.620260545469946e-05,63,45,1.1175670623779297,0.48246490955352783,0.0369131900370121,0.0216054804623127,combined,10.0,0.0,116726,0.5
500,0.3893504738807678,-26.874722042716947,431.1309919041135,-23.199574260184686,165.90742140664477,0.15336340970526685,0.0003732321676282128,0.0004567992811422072,0.0003881781304960981,0.0008096590282332213,0.00012691273999657557,63,45,2085.2431640625,977.7149658203125,0.03580346331000328,0.15123477578163147,combined,10.0,0.0,116726,0.5
1000,0.5768696665763855,-26.68187092752691,412.40519916622685,-23.30047989565014,169.80730796518066,0.15284691397664749,0.0003737212574921871,0.00045544932162836085,0.00038941486526996455,0.0008103466352230315,0.00015316009914113392,63,45,5.083082675933838,1.7154704332351685,0.04832274839282036,0.3324335217475891,combined,10.0,0.0,116726,0.5
0,0.0,-16.252616823616705,74.17037443600401,-10.830517741174376,29.644441735591176,0.17340725400929372,0.00033228888092181474,0.0004450402273260078,0.00034840263590245715,0.0007727638114817885,0.0,63,45,nan,nan,nan,nan,combined,0.0,0.001,106319,0.5
10,0.010289318859577179,-16.247244200675254,74.07867557972402,-10.833742257659472,29.666460087177132,0.17335832489386444,0.0003323646125420827,0.00044489588912372154,0.00034852092807415404,0.0007727617734949989,2.3304595591954223e-06,63,45,14.935843467712402,5.840728282928467,0.04512885585427284,9.237219637725502e-05,combined,0.0,0.001,106319,0.5
50,0.03927742317318916,-15.908367714513059,68.5181392919236,-10.392357853903555,26.79953677491574,0.17364175420289094,0.0003328897133371124,0.00044552862916830485,0.00034913617642467825,0.0007733790405205264,1.676859918226623e-05,63,45,1.1878573894500732,0.4588570296764374,0.042300231754779816,0.00147010397631675,combined,0.0,0.001,106319,0.5
100,0.06483525782823563,-15.611833830226807,63.99590309959136,-9.81604763666011,23.469090824309642,0.1741681280068836,0.000333400228640684,0.00044777522734598554,0.0003492832974742461,0.0007750977642481896,3.143176202117758e-05,63,45,5.7948384284973145,2.2241735458374023,0.044412970542907715,0.004170160740613937,combined,0.0,0.001,106319,0.5
200,0.1511005461215973,-14.8155215641485,53.274691748177496,-6.895981552052999,11.980905901328663,0.1758229624441049,0.00033521793229468667,0.0004536340444972042,0.0003506002026904737,0.0007795820805097482,8.311856779700174e-05,63,45,4.8131890296936035,1.5401297807693481,0.04641377180814743,0.02239232510328293,combined,0.0,0.001,106319,0.5
500,0.2849029004573822,-9.855829168456468,17.004023870327064,-1.1997819590823697,3.22752561659983,0.1783479378579855,0.00033818675373022583,0.0004636248411848065,0.00035230273374399425,0.0007878333572998074,0.00014692087820592683,63,45,0.5662011504173279,0.17957524955272675,0.0485985167324543,0.08107075095176697,combined,0.0,0.001,106319,0.5
1000,0.34465640783309937,-5.5983218192999304,6.379710491084185,1.2451770818869623,1.8381197177664061,0.17950901872402744,0.00034020872142255277,0.0004676208083142082,0.00035415900724808055,0.0007919273452021544,0.0001719250990206285,63,45,3.3053805828094482,0.24536679685115814,0.04986339807510376,0.11869959533214569,combined,0.0,0.001,106319,0.5
0,0.0,-16.252616823616705,74.17037443600401,-10.830517741174376,29.644441735591176,0.17340725400929372,0.00033228888092181474,0.0004450402273260078,0.00034840263590245715,0.0007727638114817885,0.0,63,45,nan,nan,nan,nan,combined,0.0,0.01,106319,0.5
10,0.010289293713867664,-16.24724409094915,74.078673708099,-10.83374134544943,29.666453855912156,0.17335832487131184,0.0003323646126205136,0.0004448958899154782,0.0003485209279267607,0.0007727617741983424,2.3304583070525165e-06,63,45,14.935843467712402,5.840728282928467,0.04512885585427284,9.237171616405249e-05,combined,0.0,0.01,106319,0.5
50,0.0392773374915123,-15.908369852571123,68.51817302382729,-10.392358645549288,26.799541660020598,0.1736417547196466,0.0003328897130272656,0.0004455286315437863,0.0003491361749802413,0.0007733790420342504,1.676858073094368e-05,63,45,1.1878572702407837,0.4588569700717926,0.042300231754779816,0.001470097340643406,combined,0.0,0.01,106319,0.5
100,0.06483505666255951,-15.611834487023442,63.99591277788537,-9.816048160286764,23.469093653966183,0.17416812857968014,0.0003334002276013007,0.00044777522809270095,0.0003492832961500044,0.0007750977650343705,3.1431729156225224e-05,63,45,5.794829845428467,2.224170207977295,0.044412970542907715,0.0041701351292431355,combined,0.0,0.01,106319,0.5
200,0.15110039710998535,-14.815523157491391,53.274711293640394,-6.8959854745198435,11.980916722264539,0.1758229619579317,0.00033521792865477755,0.0004536340447514974,0.0003506001974022289,0.0007795820781118694,8.311850354836324e-05,63,45,4.813218593597412,1.5401396751403809,0.04641377180814743,0.022392278537154198,combined,0.0,0.01,106319,0.5
500,0.2849016785621643,-9.855866663109422,17.00417067456995,-1.199805838306231,3.2275433628576833,0.17834792865192553,0.0003381867230519784,0.00046362480285107126,0.00035230270308080904,0.0007878333060707205,0.00014692055876234188,63,45,0.566203236579895,0.1795758157968521,0.0485985167324543,0.08107004314661026,combined,0.0,0.01,106319,0.5
1000,0.3446506857872009,-5.598508770983168,6.379985125770117,1.2450821427397336,1.8381599005072033,0.1795089776136864,0.00034020860877429713,0.00046762066604243195,0.00035415888874378503,0.0007919271496130504,0.0001719240769383793,63,45,3.305471420288086,0.24537226557731628,0.04986340180039406,0.11869567632675171,combined,0.0,0.01,106319,0.5
0,0.0,-16.252616823616705,74.17037443600401,-10.830517741174376,29.644441735591176,0.17340725400929372,0.00033228888092181474,0.0004450402273260078,0.00034840263590245715,0.0007727638114817885,0.0,63,45,nan,nan,nan,nan,combined,0.0,0.1,106319,0.5
10,0.010289034806191921,-16.24724348576044,74.07866338524761,-10.833740540536734,29.66644835759152,0.17335832604067603,0.00033236461232287066,0.00044489589013878695,0.0003485209281677267,0.000772761775226537,2.3304440619100054e-06,63,45,14.935843467712402,5.840728282928467,0.04512885585427284,9.236689220415428e-05,combined,0.0,0.1,106319,0.5
50,0.039276476949453354,-15.908370142673999,68.51817760074928,-10.392358752279689,26.799542318634963,0.17364175625302225,0.00033288970430272937,0.00044552863875449,0.0003491361626098594,0.0007733790374784562,1.6768436958872154e-05,63,45,1.1878575086593628,0.45885714888572693,0.042300235480070114,0.0014700323808938265,combined,0.0,0.1,106319,0.5
100,0.06483308225870132,-15.611842141274195,63.99602556798879,-9.81605678292659,23.469140250400393,0.17416812826144906,0.0003334002025039194,0.0004477752213091358,0.00034928326697237534,0.0007750977402530148,3.143135555848067e-05,63,45,5.794832706451416,2.2241721153259277,0.04441297426819801,0.0041698855347931385,combined,0.0,0.1,106319,0.5
200,0.15109892189502716,-14.815546441377483,53.27499691680309,-6.8959961840327155,11.980946266720066,0.17582295055672226,0.0003352178615572125,0.0004536340022796732,0.00035060012172390825,0.0007795819993128057,8.311776807669172e-05,63,45,4.813420295715332,1.5402116775512695,0.046413782984018326,0.022391829639673233,combined,0.0,0.1,106319,0.5
500,0.28488975763320923,-9.856317629225439,17.005936458680093,-1.2001075467242661,3.227767591087169,0.178347834714891,0.00033818638802192604,0.00046362444273146433,0.0003523023440840429,0.0007878327936372616,0.00014691730874230358,63,45,0.5662243962287903,0.17958156764507294,0.0485985167324543,0.08106328547000885,combined,0.0,0.1,106319,0.5
1000,0.3445931673049927,-5.600373488115063,6.382725068939504,1.2441750405809806,1.83854387337092,0.17950853165116887,0.0003402074640574526,0.00046761923441004114,0.0003541576575817509,0.0007919251838164472,0.0001719135754098193,63,45,3.3064496517181396,0.24543064832687378,0.049863435328006744,0.11865606904029846,combined,0.0,0.1,106319,0.5
0,0.0,-24.211114565195476,349.36384172029904,-20.2717170914211,176.69717839682042,0.17439340322873245,0.00031255708485506154,0.0004417832094499269,0.00032630802206275763,0.0007509605315867634,0.0,63,45,nan,nan,nan,nan,combined,0.0,0.001,120717,0.5
10,0.018791133537888527,-24.216064499995632,349.762261271602,-20.253304482601724,175.94962826126277,0.17464651364448947,0.000312756259377755,0.0004427138701358797,0.00032636636333577653,0.00075160811142969,9.23054143623604e-06,63,45,6782.0859375,2763.738037109375,0.048118654638528824,0.00032344102510251105,combined,0.0,0.001,120717,0.5
50,0.03149176016449928,-24.193233162728095,347.9283474672824,-20.23325097450826,175.13905530427593,0.17472617418361405,0.0003128397785770316,0.0004426179921822418,0.0003265462034112891,0.0007515192583440738,1.3903298397503838e-05,63,45,5.743503570556641,2.3750195503234863,0.04783286154270172,0.000986509840004146,combined,0.0,0.001,120717,0.5
100,0.0554753914475441,-24.17165618586214,346.20402813714514,-20.16853765987005,172.54869194291834,0.17499499542934166,0.000313041546935473,0.0004430073660385633,0.00032681008334904454,0.0007517103378128433,2.5673839006183715e-05,63,45,6.208613872528076,2.211604356765747,0.04368859902024269,0.0030694412998855114,combined,0.0,0.001,120717,0.5
200,0.18949761986732483,-23.109625721085404,271.0997207153704,-18.061742956399556,106.22633578258117,0.17726673810827248,0.000314662665501228,0.00045159836418915013,0.00032733197864815604,0.0007577830001817772,9.397662341665274e-05,63,45,10.108414649963379,3.746087074279785,0.047994084656238556,0.03578896075487137,combined,0.0,0.001,120717,0.5
500,0.3621368706226349,-12.613984827431983,24.186051918595314,-6.346143971087318,7.156032469693091,0.18087229775239005,0.0003188846337591155,0.00046480033592299067,0.00033035635572920913,0.0007695910313854216,0.00017822023116394675,63,45,11.39364242553711,3.537492036819458,0.053590014576911926,0.13099351525306702,combined,0.0,0.001,120717,0.5
1000,0.5563932061195374,-4.486196719313274,3.7220839994243744,2.214581707936333,0.9967809619200337,0.18616839569531043,0.0003297502568142138,0.00048095894712436415,0.0003416481265682006,0.0007906781547670203,0.0002720556596614131,63,45,1.251586675643921,0.4090631306171417,0.05007106438279152,0.30950677394866943,combined,0.0,0.001,120717,0.5
0,0.0,-24.211114565195476,349.36384172029904,-20.2717170914211,176.69717839682042,0.17439340322873245,0.00031255708485506154,0.0004417832094499269,0.00032630802206275763,0.0007509605315867634,0.0,63,45,nan,nan,nan,nan,combined,0.0,0.01,120717,0.5
10,0.01879112236201763,-24.2160577617158,349.7617185996913,-20.253297472009205,175.94934423505384,0.17464651320222174,0.0003127562595997691,0.0004427138697592264,0.00032636636373922914,0.0007516081115934641,9.230537616952899e-06,63,45,6782.0869140625,2763.739013671875,0.048118654638528824,0.00032344047212973237,combined,0.0,0.01,120717,0.5
50,0.03149167448282242,-24.193233119178032,347.92834397833576,-20.233250917827203,175.13905301848433,0.17472617371172144,0.00031283977774137725,0.0004426179901940079,0.0003265462032007337,0.0007515192569516595,1.3903275195286542e-05,63,45,5.743503093719482,2.3750193119049072,0.04783286154270172,0.0009865047177299857,combined,0.0,0.01,120717,0.5
100,0.05547516047954559,-24.17164899141874,346.20345462232365,-20.16853014532199,172.54839338413606,0.17499499470228178,0.0003130415437637727,0.0004430073613731407,0.000326810081180986,0.0007517103328037142,2.5673758281448804e-05,63,45,6.208616256713867,2.211606025695801,0.04368859902024269,0.0030694161541759968,combined,0.0,0.01,120717,0.5
200,0.18949690461158752,-23.109662694822774,271.1020287374525,-18.06178624625656,106.22739463688319,0.177266733228182,0.00031466265583232015,0.000451598354974369,0.00032733196599456064,0.0007577829887915279,9.397636641157049e-05,63,45,10.108447074890137,3.7461001873016357,0.047994084656238556,0.03578869253396988,combined,0.0,0.01,120717,0.5
500,0.3621346354484558,-12.614015555594893,24.186223045700004,-6.346202843043599,7.1561294758729375,0.180872271091115,0.0003188845749037052,0.0004648003269075913,0.00033035626684343176,0.0007695909796706982,0.00017821941692180865,63,45,11.39366340637207,3.537510633468628,0.05359003320336342,0.1309918910264969,combined,0.0,0.01,120717,0.5
1000,0.5563868284225464,-4.486452858456229,3.722303527776673,2.2144821098283622,0.9968038216708238,0.18616829641633117,0.00032974994524920107,0.00048095889009840104,0.0003416476770067019,0.0007906778152145139,0.00027205340680107174,63,45,1.2516264915466309,0.4090692102909088,0.050071120262145996,0.3094996511936188,combined,0.0,0.01,120717,0.5
0,0.0,-24.211114565195476,349.36384172029904,-20.2717170914211,176.69717839682042,0.17439340322873245,0.00031255708485506154,0.0004417832094499269,0.00032630802206275763,0.0007509605315867634,0.0,63,45,nan,nan,nan,nan,combined,0.0,0.1,120717,0.5
10,0.018790995702147484,-24.216058409818384,349.76177079503367,-20.253299756415064,175.94943678511743,0.17464651281014967,0.0003127562579086227,0.00044271386028790164,0.00032636636485171104,0.000751608103782459,9.230504406635639e-06,63,45,6782.0869140625,2763.739013671875,0.048118654638528824,0.00032343462225981057,combined,0.0,0.1,120717,0.5
50,0.03149080276489258,-24.193233786648705,347.9283974517263,-20.233253405669068,175.1391533463521,0.17472616691231455,0.0003128397652614649,0.0004426179564526749,0.0003265461955947937,0.0007515192262461779,1.390302125663273e-05,63,45,5.743505001068115,2.375020980834961,0.04783286154270172,0.0009864525636658072,combined,0.0,0.1,120717,0.5
100,0.05547282472252846,-24.171652399929584,346.2037263362743,-20.168539135173646,172.54875055792704,0.17499497617122148,0.00031304151935299926,0.0004430073004364168,0.00032681006226632764,0.0007517102827547241,2.5672863568706054e-05,63,45,6.208621501922607,2.2116153240203857,0.043688591569662094,0.003069162368774414,combined,0.0,0.1,120717,0.5
200,0.18949000537395477,-23.109932368590552,271.11886325377225,-18.062096513181242,106.23498396296695,0.1772666841346149,0.00031466258749909885,0.0004515982806383117,0.00032733187233842414,0.000757782916140747,9.39740295070117e-05,63,45,10.108698844909668,3.7462027072906494,0.04799407348036766,0.03578610718250275,combined,0.0,0.1,120717,0.5
500,0.36211198568344116,-12.61436247035225,24.188155120174127,-6.3467855777099205,7.157089746998044,0.18087203548502473,0.0003188839912403357,0.00046480024245066726,0.00033035539412598245,0.0007695904620669868,0.00017821135754297519,63,45,11.393879890441895,3.537677526473999,0.05359021574258804,0.13097551465034485,combined,0.0,0.1,120717,0.5
1000,0.5563121438026428,-4.48967457057971,3.7250658561197225,2.213241082220735,0.9970887062088518,0.18616702349039058,0.0003297460752747285,0.0004809580079744453,0.0003416421466980859,0.0007906734887820768,0.0002720258052104501,63,45,1.2521162033081055,0.4091416299343109,0.050071798264980316,0.3094167709350586,combined,0.0,0.1,120717,0.5
0,0.0,-28.06488409583863,194.55850276164765,-22.296576862951593,43.648029486668385,0.1747288505215207,0.0003093042149979242,0.0004208497547848601,0.0003233813504104159,0.00072880006256572,0.0,63,45,nan,nan,nan,nan,combined,0.0,0.001,121618,0.5
10,0.02154931239783764,-27.011250145823183,152.64648930100978,-21.389272432973506,35.418829030422444,0.17497752053242363,0.00030972163130053593,0.0004219466548218734,0.0003236360127804777,0.0007296898752027729,1.1021638086419474e-05,63,45,6.623916149139404,2.8455052375793457,0.04489802196621895,0.0004007764218840748,combined,0.0,0.001,121618,0.5
50,0.06622642278671265,-25.07937827863071,97.83621296912777,-19.54760367256232,23.17753913187429,0.17565900977002083,0.00031072084238967105,0.0004248011849411582,0.0003241982562773334,0.0007319970580395282,3.687679274689271e-05,63,45,1.3545595407485962,0.45686376094818115,0.04483693093061447,0.004343140404671431,combined,0.0,0.001,121618,0.5
100,0.10740555077791214,-24.091580530373456,77.93272443405985,-18.021564382373445,16.310354259160622,0.17636677788149724,0.00031178218634418187,0.00042796670573817916,0.0003247531068028753,0.0007346760400382236,6.058460567268334e-05,63,45,1.6393324136734009,0.5537173748016357,0.0482240691781044,0.011422598734498024,combined,0.0,0.001,121618,0.5
200,0.16102220118045807,-22.75146257936481,57.24111223481635,-16.86714004848197,12.503193735846367,0.177278767603117,0.00031321463834981477,0.00043217027634110376,0.00032548944982199144,0.0007383207533106361,8.80540495045504e-05,63,45,20.948362350463867,11.0081787109375,0.046530332416296005,0.025853803381323814,combined,0.0,0.001,121618,0.5
500,0.24256283044815063,-20.86406181036832,37.065339885664706,-15.63035086361728,9.40463710345305,0.1789030909720798,0.0003163714446802895,0.000438727245616657,0.0003279952953965544,0.0007449527429842928,0.00012819475987227788,63,45,2.845993757247925,0.8012527823448181,0.04715150222182274,0.05899468809366226,combined,0.0,0.001,121618,0.5
1000,0.38904961943626404,-17.969307894960732,19.032357875482468,-11.79778488325049,3.8912169412967166,0.18242675035835418,0.0003266251869086029,0.00045217230332674727,0.00033813061500909337,0.0007625066309353921,0.00020399884550762522,63,45,1.1348717212677002,0.2504209578037262,0.047177378088235855,0.15105438232421875,combined,0.0,0.001,121618,0.5
0,0.0,-28.06488409583863,194.55850276164765,-22.296576862951593,43.648029486668385,0.1747288505215207,0.0003093042149979242,0.0004208497547848601,0.0003233813504104159,0.00072880006256572,0.0,63,45,nan,nan,nan,nan,combined,0.0,0.01,121618,0.5
10,0.02154930867254734,-27.01124978985675,152.6464767894475,-21.389270615787026,35.418814210385264,0.17497752064325103,0.0003097216310344739,0.0004219466545839925,0.00032363601268418197,0.000729689874516584,1.1021636301054557e-05,63,45,6.623916149139404,2.8455047607421875,0.04489802196621895,0.0004007762763649225,combined,0.0,0.01,121618,0.5
50,0.06622637808322906,-25.079378605181297,97.83622032553575,-19.547604028111987,23.177541029380933,0.17565900986352342,0.0003107208418294557,0.00042480118470238705,0.00032419825541222093,0.0007319970569710179,3.6876778038394274e-05,63,45,1.3545598983764648,0.4568638503551483,0.04483693093061447,0.004343134351074696,combined,0.0,0.01,121618,0.5
100,0.10740546137094498,-24.09157754121109,77.93267079453729,-18.02156055428635,16.31033988241126,0.17636677591651276,0.0003117821846967945,0.00042796670221287444,0.00032475310555525003,0.0007346760375245483,6.058456581469406e-05,63,45,1.639332890510559,0.5537177324295044,0.0482240691781044,0.011422580108046532,combined,0.0,0.01,121618,0.5
200,0.16102205216884613,-22.751466053545293,57.24115802541306,-16.867141680404014,12.50319843409656,0.17727876586866972,0.0003132146372661508,0.0004321702734832382,0.0003254894488377322,0.0007383207526190469,8.805399223720923e-05,63,45,20.948476791381836,11.008240699768066,0.046530332416296005,0.025853753089904785,combined,0.0,0.01,121618,0.5
500,0.2425616830587387,-20.864073822010113,37.06544240048354,-15.63036821306143,9.404674673709835,0.17890308008410785,0.0003163714342301564,0.0004387272121845746,0.0003279952866185424,0.000744952716644634,0.00012819452609718195,63,45,2.845993995666504,0.8012529611587524,0.04715150222182274,0.058994121849536896,combined,0.0,0.01,121618,0.5
1000,0.3890453577041626,-17.96932569457425,19.032435879998484,-11.79784515012987,3.891270939940258,0.18242670534486558,0.0003266251061257522,0.00045217216449630127,0.0003381305363155244,0.00076250645900535,0.0002039980978670575,63,45,1.134871006011963,0.250421941280365,0.04717736318707466,0.15105104446411133,combined,0.0,0.01,121618,0.5
0,0.0,-28.06488409583863,194.55850276164765,-22.296576862951593,43.648029486668385,0.1747288505215207,0.0003093042149979242,0.0004208497547848601,0.0003233813504104159,0.00072880006256572,0.0,63,45,nan,nan,nan,nan,combined,0.0,0.1,121618,0.5
10,0.021549280732870102,-27.011250689682743,152.64650841667012,-21.38927154375265,35.41882177839424,0.1749775199423074,0.00030972163024421017,0.0004219466539369919,0.00032363601154629276,0.0007296898735702479,1.1021622026022524e-05,63,45,6.623916149139404,2.8455047607421875,0.04489802196621895,0.0004007754323538393,combined,0.0,0.1,121618,0.5
50,0.06622593849897385,-25.079380737531668,97.83626836233121,-19.54760683949816,23.177556033264754,0.1756590065936071,0.000310720830565439,0.000424801167941686,0.000324198245589857,0.0007319970396917675,3.6876634978872275e-05,63,45,1.35456120967865,0.4568640887737274,0.04483693093061447,0.004343078006058931,combined,0.0,0.1,121618,0.5
100,0.10740472376346588,-24.09159384694085,77.93296339587292,-18.021585945228637,16.310435240774424,0.1763667693242598,0.0003117821620619409,0.0004279666696344707,0.0003247530851234037,0.0007346760032515449,6.058423711398215e-05,63,45,1.639334797859192,0.5537181496620178,0.0482240691781044,0.011422423645853996,combined,0.0,0.1,121618,0.5
200,0.1610204130411148,-22.751520871624713,57.24188054671621,-16.8671653693596,12.503266634023683,0.1772787451690152,0.0003132145923361939,0.00043217020049325585,0.00032548940811301575,0.0007383206780390678,8.805336717594024e-05,63,45,20.950220108032227,11.0091552734375,0.04653032124042511,0.02585322968661785,combined,0.0,0.1,121618,0.5
500,0.24255001544952393,-20.864121660297524,37.065850684983154,-15.630457755140982,9.404868579652522,0.1789029804355372,0.0003163712646966134,0.0004387268448795732,0.00032799513594868295,0.000744952339883988,0.0001281922067578672,63,45,2.845998525619507,0.8012568950653076,0.047151461243629456,0.05898847430944443,combined,0.0,0.1,121618,0.5
1000,0.38900259137153625,-17.969540321776197,19.0333764812651,-11.798469871743276,3.891830729671254,0.18242625050998285,0.0003266243575873449,0.0004521707905159255,0.0003381298185188749,0.0007625047791613145,0.00020399081225513997,63,45,1.1348564624786377,0.2504293620586395,0.04717712104320526,0.15101787447929382,combined,0.0,0.1,121618,0.5
0,0.0,-27.558568981992554,504.65425250212087,-23.318394741191945,170.5092175678996,0.1566807853915402,0.0003758220527910952,0.0004692771534623666,0.00038830204935810363,0.0008158189911938761,0.0,63,45,nan,nan,nan,nan,combined,0.0,0.001,116726,0.5
10,0.020514333620667458,-27.50541072305004,498.5148632099103,-23.301321105729894,169.84020210959756,0.1565235767108071,0.00037541278580339907,0.00046866481119152176,0.00038793548334693713,0.0008152092572413628,8.827492145821095e-06,63,45,577.0660400390625,163.75119018554688,0.0376225970685482,0.00035314023261889815,combined,0.0,0.001,116726,0.5
50,0.05959466099739075,-27.457142455322277,493.0049553693848,-23.2739756554996,168.77415914144916,0.15621658098389643,0.0003746510346679454,0.00046750695642275856,0.00038725637865432994,0.0008141664210512137,2.7836108439288225e-05,63,45,897.8353881835938,484.68963623046875,0.04711950197815895,0.003477684687823057,combined,0.0,0.001,116726,0.5
100,0.07748283445835114,-27.371970433677536,483.4305394909038,-23.251234817206402,167.89272155492253,0.15593924279691038,0.0003742438761393736,0.0004661213071956602,0.00038712153365735744,0.0008130653969531851,3.402697703683097e-05,63,45,1.3909478187561035,0.6226610541343689,0.037577662616968155,0.005950224585831165,combined,0.0,0.001,116726,0.5
200,0.14790189266204834,-27.30007373555771,475.49331175693715,-23.189300505986807,165.5154114601186,0.15529253147096686,0.00037355535280644565,0.0004628544553366319,0.0003870880399484369,0.0008106590862943474,5.6193453213563286e-05,63,45,1.1175673007965088,0.4824647903442383,0.03691325709223747,0.021598631516098976,combined,0.0,0.001,116726,0.5
500,0.3893173635005951,-26.87479786373631,431.1385188421695,-23.199528080809024,165.90565729019272,0.15336358266499867,0.00037323196507364526,0.0004567997018792356,0.00038817774062876466,0.0008096588738847543,0.00012690574111793256,63,45,2085.271484375,977.712158203125,0.035803571343421936,0.1512090265750885,combined,0.0,0.001,116726,0.5
1000,0.5768471956253052,-26.681938992044692,412.41166261030594,-23.300501494444585,169.80815247101992,0.15284682358346208,0.0003737213619232382,0.00045544918478792023,0.000389414977572219,0.0008103470794823723,0.0001531602232151852,63,45,5.083252906799316,1.7154775857925415,0.048322878777980804,0.3324076235294342,combined,0.0,0.001,116726,0.5
0,0.0,-27.558568981992554,504.65425250212087,-23.318394741191945,170.5092175678996,0.1566807853915402,0.0003758220527910952,0.0004692771534623666,0.00038830204935810363,0.0008158189911938761,0.0,63,45,nan,nan,nan,nan,combined,0.0,0.01,116726,0.5
10,0.02051432803273201,-27.505408857666733,498.514649087663,-23.301320605435873,169.84018254452442,0.15652357684005377,0.000375412786084896,0.00046866481104737833,0.00038793548388448907,0.0008152092578425979,8.827490965875721e-06,63,45,577.0660400390625,163.75119018554688,0.0376225970685482,0.0003531399997882545,combined,0.0,0.01,116726,0.5
50,0.05959460139274597,-27.45714281312628,493.00499598679073,-23.273975957025584,168.77417085925762,0.15621658049453052,0.0003746510348803546,0.0004675069575609149,0.0003872563783905863,0.0008141664217161256,2.783609143041006e-05,63,45,897.8352661132812,484.68963623046875,0.04711949825286865,0.003477678168565035,combined,0.0,0.01,116726,0.5
100,0.07748262584209442,-27.37196991768605,483.43048205383326,-23.251233681943813,167.89267766712075,0.15593924489694436,0.0003742438782074898,0.0004661213130711424,0.0003871215351427654,0.0008130654001047358,3.402690091699739e-05,63,45,1.390947699546814,0.6226611137390137,0.037577662616968155,0.005950192920863628,combined,0.0,0.01,116726,0.5
200,0.14790116250514984,-27.300074245090435,475.4933675438347,-23.18930070629266,165.51541909404168,0.15529253912750826,0.000373555363097867,0.0004628544844044392,0.00038708804642173034,0.0008106591049301263,5.619321338790535e-05,63,45,1.1175663471221924,0.4824643135070801,0.03691325709223747,0.021598417311906815,combined,0.0,0.01,116726,0.5
500,0.3893122971057892,-26.874802791409405,431.13900802887906,-23.19952589865356,165.90557392927983,0.15336361145436167,0.0003732319420528848,0.0004567997665654174,0.00038817769105041765,0.0008096588272158393,0.00012690469872014108,63,45,2085.2783203125,977.712890625,0.03580357879400253,0.15120509266853333,combined,0.0,0.01,116726,0.5
1000,0.5768308639526367,-26.68194622361517,412.41234933017296,-23.300487325920244,169.80759848585149,0.15284687495477547,0.0003737212868152691,0.0004554492735512566,0.0003894148447689711,0.0008103469230018364,0.00015315815861533457,63,45,5.083214282989502,1.715456485748291,0.048322901129722595,0.33238884806632996,combined,0.0,0.01,116726,0.5
0,0.0,-27.558568981992554,504.65425250212087,-23.318394741191945,170.5092175678996,0.1566807853915402,0.0003758220527910952,0.0004692771534623666,0.00038830204935810363,0.0008158189911938761,0.0,63,45,nan,nan,nan,nan,combined,0.0,0.1,116726,0.5
10,0.020514249801635742,-27.50541076004381,498.51486745632445,-23.301320360918822,169.84017298216045,0.15652357872113554,0.00037541278917435194,0.00046866481492523204,0.00038793548733156833,0.0008152092625477704,8.827449603794928e-06,63,45,577.0664672851562,163.75119018554688,0.0376225970685482,0.0003531373222358525,combined,0.0,0.1,116726,0.5
50,0.05959390848875046,-27.457146032878402,493.0053614886645,-23.27397901973948,168.77428988153454,0.15621658511673472,0.0003746510433350554,0.00046750697212133186,0.00038725638552657615,0.0008141664331567408,2.7835845741780317e-05,63,45,897.8338623046875,484.6886901855469,0.04711949825286865,0.0034775990061461926,combined,0.0,0.1,116726,0.5
100,0.07748029381036758,-27.371971689601978,483.4306792928914,-23.251235189999974,167.89273596664825,0.1559392615450653,0.00037424391146117386,0.0004661213794183627,0.0003871215616157926,0.0008130654524509468,3.402601038005375e-05,63,45,1.3909448385238647,0.6226598024368286,0.037577662616968155,0.0059498380869627,combined,0.0,0.1,116726,0.5
200,0.14789384603500366,-27.300097077562388,475.49586739542605,-23.189303092254626,165.51551002625922,0.1552926055037476,0.0003735554557118182,0.0004628547488827625,0.0003870881010465613,0.0008106592650478351,5.6190699055968936e-05,63,45,1.1175578832626343,0.48246002197265625,0.03691326454281807,0.021596286445856094,combined,0.0,0.1,116726,0.5
500,0.38926175236701965,-26.874849195711942,431.1436147675514,-23.199496355210304,165.9044453390161,0.15336389235793588,0.00037323171463169883,0.0004568003794627183,0.00038817721726035247,0.0008096583667835372,0.00012689450318921193,63,45,2085.32861328125,977.7119750976562,0.03580364212393761,0.15116599202156067,combined,0.0,0.1,116726,0.5
1000,0.5759936571121216,-26.681656781896123,412.3848644399335,-23.298575747515933,169.73287289652785,0.15285526413942144,0.00037370853694979175,0.00045546468008334103,0.0003893949009779502,0.0008103185737924998,0.00015291383922720524,63,45,5.081577301025391,1.7139350175857544,0.04832489788532257,0.3314273953437805,combined,0.0,0.1,116726,0.5
