iteration,z_norm,PSNR_obs,RelMSE_obs,MSE_obs,PSNR_holdout,RelMSE_holdout,MSE_holdout,FA_MAE,MD_MAE,AD_MAE,RD_MAE,mean_D_error,mean_delta_D,n_observed_vols,n_holdout_vols,subject,sampling_ratio,objective,lambda_shape,lambda_z,loss_L_signal,loss_L_directional,loss_L_angular,loss_L_z,loss_L_total
0,0.0,-17.735472002074985,88.33038214855918,59.367286653315674,-10.857478865965707,30.306551153446964,12.182821655035813,0.17340725400929372,0.00033228888092181474,0.0004450402273260078,0.00034840263590245715,0.0007727638114817885,0.0,40,68,106319,0.25,combined,0.01,0.0,,,,,
10,0.010381469503045082,-17.736656439226884,88.35447549040315,59.38347990751536,-10.871600481802766,30.405256998423205,12.22250006316502,0.17334773110274582,0.00033235391057219677,0.0004448594574002482,0.0003485147824970429,0.0007727342200595339,2.348469826403003e-06,40,68,106319,0.25,combined,0.01,0.0,20.18292999267578,84.8001708984375,0.04458480700850487,9.361309639643878e-05,20.227514266967773
50,0.03776327148079872,-17.45290081741897,82.76619518977648,55.62756908230908,-10.50152694186256,27.921665799041794,11.224130156510732,0.1735714543737208,0.0003328356931449932,0.0004452990879695492,0.00034910962950610155,0.0007732251208133677,1.5424428878610136e-05,40,68,106319,0.25,combined,0.01,0.0,1.61870276927948,12.31777286529541,0.04148757457733154,0.0013595541240647435,1.634889841079712
100,0.0614827424287796,-17.155727211475437,77.29219311513368,51.94846521791508,-9.956542524057365,24.62877906294164,9.900434443559956,0.17408773928953544,0.0003333089665504384,0.0004475637199859529,0.00034919178528583484,0.000774957612687189,2.851188369710398e-05,40,68,106319,0.25,combined,0.01,0.0,7.861792087554932,51.24530792236328,0.04399995505809784,0.003745995694771409,7.905792236328125
200,0.13835154473781586,-16.64653265135585,68.74105201087416,46.201200994652496,-7.382124235145243,13.614479864175784,5.4728358654714535,0.17559061284016897,0.0003348744535444568,0.000453186746770597,0.00035017591419443444,0.0007792258493364996,7.620867073716852e-05,40,68,106319,0.25,combined,0.01,0.0,11.795343399047852,2.7443013191223145,0.046081673353910446,0.018725432455539703,11.841424942016602
500,0.28032124042510986,-12.096282278902928,24.10966283880734,16.204223621029755,-1.7132089434013404,3.6907066280260126,1.4836139025731916,0.17812945293392635,0.000337968969810435,0.00046327666299073354,0.0003520202499272449,0.0007875912343472318,0.00014372562433292318,40,68,106319,0.25,combined,0.01,0.0,0.8215975165367126,2.3448963165283203,0.04836205020546913,0.07846724987030029,0.8298134803771973
1000,0.3443548381328583,-7.472031686896331,8.313158824006157,5.587315155834684,0.9953373854183357,1.978130284441883,0.7951814887732537,0.17939088303651227,0.0003399841379618025,0.0004677777459435196,0.0003537429666017153,0.0007919998154150197,0.00017098283447833994,40,68,106319,0.25,combined,0.01,0.0,4.768626689910889,1.3266322612762451,0.04967746511101723,0.11848528683185577,4.816312789916992
0,0.0,-17.735472002074985,88.33038214855918,59.367286653315674,-10.857478865965707,30.306551153446964,12.182821655035813,0.17340725400929372,0.00033228888092181474,0.0004450402273260078,0.00034840263590245715,0.0007727638114817885,0.0,40,68,106319,0.25,combined,0.1,0.0,,,,,
10,0.010388893075287342,-17.73671149874152,88.35559564863145,59.3842327714,-10.871700208727404,30.40595520153522,12.22278073132649,0.17334761739586738,0.0003323537627492234,0.00044485830985383087,0.00034851496207731405,0.0007727331450728818,2.355550022339267e-06,40,68,106319,0.25,combined,0.1,0.0,20.182950973510742,84.80025482177734,0.044584475457668304,9.375420631840825e-05,20.628795623779297
50,0.037772856652736664,-17.453065779637324,82.76933903687524,55.6296820774911,-10.50184840738082,27.923732642012645,11.224960999293714,0.17357112746330908,0.0003328355520975344,0.0004452963393584953,0.0003491102704413798,0.0007732229334975769,1.543498587467112e-05,40,68,106319,0.25,combined,0.1,0.0,1.618729591369629,12.318047523498535,0.04148693010210991,0.001360320020467043,1.7806024551391602
100,0.061476681381464005,-17.155638208075995,77.2906091213844,51.94740060788301,-9.95683304999259,24.63042668654841,9.901096765856357,0.17408748862668183,0.0003333088489245251,0.00044756093430576573,0.00034919254947534187,0.0007749552397833602,2.850733490148506e-05,40,68,106319,0.25,combined,0.1,0.0,7.8618035316467285,51.24519729614258,0.043999072164297104,0.0037452499382197857,8.301794052124023
200,0.13833826780319214,-16.64601479301674,68.73285572788933,46.195692232326145,-7.382860716551506,13.61678881856519,5.473764033754057,0.17559026993428406,0.00033487476990382687,0.0004531835067246244,0.0003501772497771208,0.0007792233987646265,7.620511751800704e-05,40,68,106319,0.25,combined,0.1,0.0,11.799792289733887,2.745525598526001,0.046080656349658966,0.018721798434853554,12.260599136352539
500,0.2803138196468353,-12.09712830165206,24.11435995354262,16.207380575071504,-1.7142776771239414,3.6916149674511165,1.4839790426764732,0.17812932771225995,0.0003379699021373257,0.0004632738773468009,0.000352022426969307,0.0007875894105440238,0.00014372694032758685,40,68,106319,0.25,combined,0.1,0.0,0.8214569091796875,2.344519853591919,0.048360675573349,0.07846307754516602,0.9036026000976562
1000,0.34433573484420776,-7.47282944968665,8.314686022303286,5.5883415933624825,0.994264258490673,1.9786191341167463,0.7953779996983942,0.17939047426889043,0.0003399856103392272,0.0004677723330633312,0.0003537466158204271,0.000791996364297488,0.00017098048120957663,40,68,106319,0.25,combined,0.1,0.0,4.7735490798950195,1.327337622642517,0.049674760550260544,0.11847209185361862,5.250904083251953
0,0.0,-17.735472002074985,88.33038214855918,59.367286653315674,-10.857478865965707,30.306551153446964,12.182821655035813,0.17340725400929372,0.00033228888092181474,0.0004450402273260078,0.00034840263590245715,0.0007727638114817885,0.0,40,68,106319,0.25,combined,1.0,0.0,,,,,
10,0.010691565461456776,-17.737655771834064,88.37480862181938,59.39714590569157,-10.87474323575,30.427267599112675,12.23134802548717,0.17334360829729525,0.00033235439995747874,0.0004448244054125691,0.0003485262599249529,0.0007727082797450573,2.6487067219118706e-06,40,68,106319,0.25,combined,1.0,0.0,20.182493209838867,84.79842376708984,0.04457366466522217,9.932338434737176e-05,24.639860153198242
50,0.03819366917014122,-17.45492323705223,82.8047466717109,55.65347972396194,-10.507007152085556,27.956921412111686,11.23830243379147,0.17356531182846932,0.0003328372215734373,0.0004452466592570408,0.0003491272090714175,0.0007731882868549529,1.5697711177018306e-05,40,68,106319,0.25,combined,1.0,0.0,1.6190963983535767,12.32207202911377,0.04147443547844887,0.0013928572880104184,3.238192558288574
100,0.0615348257124424,-17.15314078984042,77.24617579444129,51.91753674911293,-9.961044200782807,24.65432124399502,9.910702053189256,0.17408352430538032,0.0003333109426199985,0.0004475165923831303,0.0003492099091719622,0.0007749217928775363,2.8465423297555203e-05,40,68,106319,0.25,combined,1.0,0.0,7.861789703369141,51.240631103515625,0.04398379474878311,0.0037524783983826637,12.26016902923584
200,0.1383167952299118,-16.647897641508962,68.76266076026248,46.215724341975935,-7.380303693255904,13.60877393476101,5.470542159398319,0.1755895315774485,0.0003348691738418312,0.00045320344328723093,0.0003501620830723088,0.000779236588882237,7.617931433279471e-05,40,68,106319,0.25,combined,1.0,0.0,11.807830810546875,2.74662184715271,0.04608762264251709,0.018716009333729744,16.416593551635742
500,0.2801656126976013,-12.102161581513329,24.142323625263412,16.22617509712095,-1.7166699134589698,3.693648990109995,1.484796692140114,0.1781259221037002,0.0003379575066659771,0.000463274686993223,0.00035200361020617924,0.0007875812989372595,0.0001436587058007588,40,68,106319,0.25,combined,1.0,0.0,0.8226267099380493,2.3480172157287598,0.048365116119384766,0.07838015258312225,1.6452531814575195
1000,0.3441906273365021,-7.478219340306065,8.32501152054488,5.595281411792295,0.9886999235139429,1.9811558358559351,0.7963977193202041,0.1793871689484695,0.0003399828114859712,0.00046775167667522017,0.0003537482248914648,0.0007919747582328585,0.00017094674617632152,40,68,106319,0.25,combined,1.0,0.0,4.7761430740356445,1.3289884328842163,0.049666762351989746,0.11837221682071686,9.552285194396973
0,0.0,-17.735472002074985,88.33038214855918,59.367286653315674,-10.857478865965707,30.306551153446964,12.182821655035813,0.17340725400929372,0.00033228888092181474,0.0004450402273260078,0.00034840263590245715,0.0007727638114817885,0.0,40,68,106319,0.25,combined,10.0,0.0,,,,,
10,0.015617470256984234,-17.793911617103802,89.52700805726897,60.17154484411211,-10.974199518198022,31.13211186122593,12.514685839031964,0.17325251825479068,0.0003323195818343874,0.0004443261008469723,0.00034862425431075433,0.0007723783248123679,6.475021920427464e-06,40,68,106319,0.25,combined,10.0,0.0,20.17024040222168,84.75506591796875,0.044452499598264694,0.0002173917309846729,64.62274169921875
50,0.04142354056239128,-17.529854312753095,84.24581584953535,56.62202944475081,-10.63926138135864,28.82137980638113,11.58580295908253,0.1734416997873326,0.0003328093223369457,0.0004444888252106163,0.0003493046891863559,0.0007726787053440877,1.8196589829075057e-05,40,68,106319,0.25,combined,10.0,0.0,1.6355746984481812,12.496063232421875,0.04132230952382088,0.0016684860456734896,17.991317749023438
100,0.05887596309185028,-17.152660317814007,77.23763030855744,51.91179328579127,-10.047471384854356,25.14987141246014,10.109906485688558,0.17401898944774485,0.00033326464675464306,0.00044705276848875004,0.0003492915096393202,0.000774545665999671,2.695761213347552e-05,40,68,106319,0.25,combined,10.0,0.0,7.867229461669922,51.27768325805664,0.04386598616838455,0.0034338091500103474,51.73321533203125
200,0.1318928450345993,-16.574023305122267,67.60288647914606,45.43623431232361,-7.67899083288797,14.577656539770953,5.860019798135188,0.17547219523947763,0.00033481967385444656,0.00045257281495640216,0.00035024956013120413,0.0007787756630526033,7.306475153369688e-05,40,68,106319,0.25,combined,10.0,0.0,15.602630615234375,3.658878803253174,0.0459480844438076,0.016942502930760384,61.550716400146484
500,0.2781468331813812,-12.115305306944698,24.21549994880145,16.27535726604231,-1.782508687258302,3.7500710765312952,1.5074776040259767,0.1781381061096444,0.0003380848758864821,0.0004631082627952536,0.00035223788329143965,0.0007875161715108257,0.00014401111864643682,40,68,106319,0.25,combined,10.0,0.0,0.8078710436820984,2.304946184158325,0.048260398209095,0.07725337147712708,8.886579513549805
1000,0.34088894724845886,-7.4822152568874625,8.332674836935178,5.6004319646348355,0.9107230258634093,2.017048439060553,0.8108260579775077,0.17936190076475228,0.00034017978133446135,0.00046728218337811593,0.00035415867557269493,0.0007917280683747261,0.00017098800180123406,40,68,106319,0.25,combined,10.0,0.0,5.348172664642334,1.409159541130066,0.04939591512084007,0.116109199821949,54.74408721923828
0,0.0,-16.252616823616705,74.17037443600401,42.195067149618474,-10.830517741174376,29.644441735591176,12.107424627757725,0.17340725400929372,0.00033228888092181474,0.0004450402273260078,0.00034840263590245715,0.0007727638114817885,0.0,63,45,106319,0.5,combined,0.01,0.0,,,,,
10,0.010290221311151981,-16.247248900079207,74.07875573865395,42.14294583950993,-10.83375095309082,29.66651948533578,12.116441653389966,0.17335831172737248,0.00033236459918117227,0.00044489577178714835,0.0003485209468311027,0.0007727616700885763,2.33111456280344e-06,63,45,106319,0.5,combined,0.01,0.0,14.935842514038086,81.42256164550781,0.045128822326660156,9.238917846232653e-05,14.980971336364746
50,0.039278000593185425,-15.908397612852617,68.51861099620068,38.979813894263486,-10.392406016190288,26.799833977432737,10.945625922468283,0.17364170415997862,0.00033288968938736317,0.0004455282567391346,0.0003491362561808253,0.0007733787469910956,1.676949992858147e-05,63,45,106319,0.5,combined,0.01,0.0,1.187861442565918,12.105140686035156,0.04230014607310295,0.0014701567124575377,1.1997400522232056
100,0.06483408808708191,-15.611830634558963,63.995856009521596,36.40684656309739,-9.81610425588392,23.46939679420408,9.585404079430138,0.17416809132712355,0.000333400204055166,0.00044777482636257934,0.00034928339298157375,0.0007750974240462345,3.143096974760204e-05,63,45,106319,0.5,combined,0.01,0.0,5.794841289520264,51.10593795776367,0.04441284015774727,0.004170008469372988,5.839253902435303
200,0.15109948813915253,-14.815507190115644,53.27451542291104,30.307542232683176,-6.896090982155513,11.981207790561307,4.893381753233135,0.17582292650616604,0.00033521799565078156,0.0004536336541142434,0.0003506003987459766,0.0007795818046977251,8.311842295050262e-05,63,45,106319,0.5,combined,0.01,0.0,4.813401222229004,3.4422495365142822,0.04641364514827728,0.022391999140381813,4.859814643859863
500,0.2849026322364807,-9.855918237393569,17.00437260739982,9.673682376046857,-1.1999091240654334,3.227620122578232,1.3182291543791418,0.17834792483503928,0.0003381869205655687,0.00046362449892039934,0.00035230307803784793,0.0007878331789241184,0.00014692133293639823,63,45,106319,0.5,combined,0.01,0.0,0.5661874413490295,2.097201108932495,0.04859834536910057,0.08107060194015503,0.5718492865562439
1000,0.34465527534484863,-5.598410054398037,6.3798401082271345,3.6294515676571577,1.2450528728422514,1.8381722890903864,0.7507489141303242,0.17950897289063067,0.0003402089130225201,0.000467620225818424,0.0003541594516800105,0.0007919270003517118,0.00017192513599783966,63,45,106319,0.5,combined,0.01,0.0,3.3057119846343994,1.2989017963409424,0.04986308142542839,0.1186988353729248,3.3387691974639893
0,0.0,-16.252616823616705,74.17037443600401,42.195067149618474,-10.830517741174376,29.644441735591176,12.107424627757725,0.17340725400929372,0.00033228888092181474,0.0004450402273260078,0.00034840263590245715,0.0007727638114817885,0.0,63,45,106319,0.5,combined,0.1,0.0,,,,,
10,0.010298567824065685,-16.247326210230568,74.08007445004266,42.143696046260544,-10.83387138579877,29.667342168783215,12.11677765492176,0.1733581830536705,0.0003323644688848237,0.00044489472313384435,0.00034852109638579173,0.0007727607421013217,2.3369105944936806e-06,63,45,106319,0.5,combined,0.1,0.0,14.935845375061035,81.42255401611328,0.04512856528162956,9.254610631614923e-05,15.387130737304688
50,0.039283573627471924,-15.908668131804992,68.52287910480747,38.98224199484455,-10.392857627334886,26.8026209649512,10.946764187834155,0.1736412471223195,0.00033288949756110793,0.0004455249472030364,0.00034913697907010944,0.0007733761800308809,1.6777651580041545e-05,63,45,106319,0.5,combined,0.1,0.0,1.1878975629806519,12.105621337890625,0.04229937866330147,0.0014706575311720371,1.306687355041504
100,0.06482408940792084,-15.611799796744636,63.99540159773399,36.406588051042704,-9.816623387461364,23.472202363628167,9.586549934044067,0.17416771992943586,0.00033340006337418033,0.00044777125754994954,0.00034928431277471026,0.0007750945178723923,3.1423921426235165e-05,63,45,106319,0.5,combined,0.1,0.0,5.79484748840332,51.10585021972656,0.04441171884536743,0.004168706480413675,6.238964557647705
200,0.1510901004076004,-14.815392561489498,53.27310930236962,30.306742299406356,-6.8970599152725764,11.983881157275158,4.894473613430033,0.175822591409359,0.0003352185210658499,0.0004536300836142094,0.00035060210714345707,0.0007795792354099007,8.311694461686456e-05,63,45,106319,0.5,combined,0.1,0.0,4.81524658203125,3.443573474884033,0.04641253128647804,0.022389117628335953,5.279371738433838
500,0.28488925099372864,-9.857497062829601,17.010555466645616,9.677199766420534,-1.2016156875765858,3.228888667612549,1.3187472553279436,0.1783476208709782,0.0003381881425954054,0.000463620682804383,0.0003523059688532587,0.0007878308606604615,0.00014692105805484993,63,45,106319,0.5,combined,0.1,0.0,0.5660831332206726,2.0967934131622314,0.04859668016433716,0.0810629278421402,0.6226914525032043
1000,0.34464794397354126,-5.59889550593695,6.380553282451113,3.6298572880610114,1.2437017694533101,1.838744239063156,0.7509825107434068,0.1795084652236408,0.0003402121837416899,0.0004676128092425913,0.0003541662671518689,0.0007919232078006761,0.00017193008152038058,63,45,106319,0.5,combined,0.1,0.0,3.310105323791504,1.2999569177627563,0.04985861852765083,0.11869373172521591,3.641115665435791
0,0.0,-16.252616823616705,74.17037443600401,42.195067149618474,-10.830517741174376,29.644441735591176,12.107424627757725,0.17340725400929372,0.00033228888092181474,0.0004450402273260078,0.00034840263590245715,0.0007727638114817885,0.0,63,45,106319,0.5,combined,1.0,0.0,,,,,
10,0.0106620779260993,-16.24877522296006,74.10479520628128,42.15775953154573,-10.837542210993638,29.692428756200272,12.127023554272094,0.17335346492466402,0.00033236527360428576,0.0004448556239718244,0.0003485341335446091,0.0007727323214284791,2.6702365975150684e-06,63,45,106319,0.5,combined,1.0,0.0,14.935393333435059,81.41973114013672,0.04511692747473717,9.922611207002774e-05,19.447086334228516
50,0.03970050439238548,-15.911971679919276,68.5750222370005,39.01190590015723,-10.399868454237211,26.84592344661097,10.96444984835584,0.1736334012234272,0.0003328911544860678,0.0004454639485836648,0.0003491572882604282,0.0007733340285081947,1.7032453892286792e-05,63,45,106319,0.5,combined,1.0,0.0,1.1883732080459595,12.11217975616455,0.0422838032245636,0.0015044903848320246,2.37674617767334
100,0.06425463408231735,-15.611631331353564,63.992919226507055,36.405175845409296,-9.807460733798607,23.42273340724855,9.566345753236002,0.1741736204863584,0.0003333934505857204,0.0004478177603886344,0.00034926204536283906,0.0007751199109561565,3.151262352900905e-05,63,45,106319,0.5,combined,1.0,0.0,5.794609546661377,51.1054573059082,0.04442547634243965,0.004097011871635914,10.237157821655273
200,0.1509859263896942,-14.82066182667809,53.33778442783775,30.343535578162047,-6.8851338786406036,11.95101770710996,4.881051476847663,0.17582395788398134,0.0003351940440017576,0.0004536578826582875,0.0003505626822580899,0.0007795813916216085,8.300096519113116e-05,63,45,106319,0.5,combined,1.0,0.0,4.823623180389404,3.4465651512145996,0.04642650857567787,0.022356364876031876,9.46627426147461
500,0.2852853536605835,-9.861092259848395,17.02464305494915,9.685214108251266,-1.1905509345436083,3.2206727256239636,1.3153916887343788,0.17834840019295173,0.00033815040900107883,0.00046362713167545834,0.0003522547414974459,0.0007878038256666925,0.0001467786568437961,63,45,106319,0.5,combined,1.0,0.0,0.5681764483451843,2.1048810482025146,0.04860858991742134,0.08128929883241653,1.136352777481079
1000,0.3456804156303406,-5.571822684400953,6.34090223988661,3.607300055253657,1.2572064795327909,1.8330354076463682,0.7486509017791418,0.17951763293739212,0.00034021207236141666,0.0004676232855363955,0.0003541683568276995,0.0007919201017631548,0.00017206046650891505,63,45,106319,0.5,combined,1.0,0.0,3.276167154312134,1.294086217880249,0.04985664784908295,0.11940786242485046,6.552333354949951
0,0.0,-16.252616823616705,74.17037443600401,42.195067149618474,-10.830517741174376,29.644441735591176,12.107424627757725,0.17340725400929372,0.00033228888092181474,0.0004450402273260078,0.00034840263590245715,0.0007727638114817885,0.0,63,45,106319,0.5,combined,10.0,0.0,,,,,
10,0.015320202335715294,-16.308628562208906,75.13315831630571,42.74278894270383,-10.932571276143836,30.349296575653092,12.39530243384621,0.17326300639358874,0.00033232284680063837,0.0004443495985804988,0.00034862470003705563,0.0007723820279341773,6.282654707252813e-06,63,45,106319,0.5,combined,10.0,0.0,14.925520896911621,81.3678970336914,0.0449986569583416,0.00020911189494654536,59.92417907714844
50,0.04218057170510292,-16.000299480351153,69.9839960990288,39.81346241342033,-10.543436011915029,27.74821834370348,11.332966400497286,0.17350070018805744,0.00033284421140950964,0.0004446272272326956,0.0003493317891462606,0.0007727451768215692,1.9240201999201486e-05,63,45,106319,0.5,combined,10.0,0.0,1.2018418312072754,12.293803215026855,0.04211436212062836,0.0017296624137088656,13.220256805419922
100,0.06079111248254776,-15.621054223619772,64.13191547106716,36.484249949016785,-9.90835726138799,23.973267320967643,9.791195589331101,0.1741063000415514,0.0003333278416321972,0.0004472896517001776,0.0003493388777177759,0.0007746745204804238,2.9758770939002617e-05,63,45,106319,0.5,combined,10.0,0.0,5.79942512512207,51.15959167480469,0.044287484139204025,0.0036617927253246307,50.08690643310547
200,0.14270922541618347,-14.895638720743008,54.266606108584654,30.871936486033324,-7.260730321735489,13.03060362188538,5.321977476025418,0.17566501246890792,0.00033506748682561214,0.00045282471440603395,0.00035060344780341653,0.0007789082180670647,7.903083025105255e-05,63,45,106319,0.5,combined,10.0,0.0,6.921734809875488,4.914046287536621,0.046264443546533585,0.01992005854845047,53.18617630004883
500,0.2832467555999756,-10.223144485678947,18.50475066254338,10.52723816928639,-1.5437419475654093,3.493539811742613,1.4268364481953395,0.17823699771860507,0.0003382477743777886,0.00046283131567574366,0.0003526103692945431,0.0007872571405788375,0.00014576443048508142,63,45,106319,0.5,combined,10.0,0.0,0.5585470795631409,2.0668694972991943,0.04832075163722038,0.08011217415332794,6.144016265869141
1000,0.34700262546539307,-5.567761146159365,6.334974976422222,3.6039280717387414,1.1457608846363272,1.8806821974302437,0.7681108707408877,0.1794763936270367,0.00034045364804404887,0.0004668660581968076,0.00035472885052843784,0.0007914495990185518,0.00017265203529260835,63,45,106319,0.5,combined,10.0,0.0,3.5224053859710693,1.352298617362976,0.049407027661800385,0.12031641602516174,38.7464485168457
0,0.0,-14.721499063347508,59.07720864650867,29.658549432176496,nan,nan,nan,0.17340725400929372,0.00033228888092181474,0.0004450402273260078,0.00034840263590245715,0.0007727638114817885,0.0,108,0,106319,1.0,combined,0.01,0.0,,,,,
10,0.013752910308539867,-14.640276367079819,57.9826015674629,29.109023499816658,nan,nan,nan,0.17345509387873978,0.00033247856020206316,0.0004452804702960672,0.0003485836358065355,0.0007730802066156998,3.8423816985139924e-06,108,0,106319,1.0,combined,0.01,0.0,11.131094932556152,78.47879791259766,0.0453900471329689,0.00015936960699036717,11.176485061645508
50,0.04689076170325279,-14.204817879917215,52.45076764349874,26.3318751943478,nan,nan,nan,0.17384037732890587,0.0003330747266050258,0.00044629466795713217,0.0003492102049764312,0.000773969084124195,2.100004090499265e-05,108,0,106319,1.0,combined,0.01,0.0,0.8646624684333801,11.750439643859863,0.04268348589539528,0.0021072174422442913,0.8733090758323669
100,0.07163636386394501,-13.854301856859426,48.383830314851856,24.290149382267373,nan,nan,nan,0.1743602076271029,0.0003335770918606741,0.00044850365392456955,0.00034936428345692954,0.0007756498629075094,3.6991782891536666e-05,108,0,106319,1.0,combined,0.01,0.0,4.280336856842041,50.227989196777344,0.04480469599366188,0.005096174776554108,4.3231401443481445
200,0.1593863070011139,-12.84022683518418,38.30828804016059,19.23192176020834,nan,nan,nan,0.17600719735894205,0.0003354222703933017,0.0004541815577185573,0.0003507904958516095,0.0007800554989810391,8.713927535591237e-05,108,0,106319,1.0,combined,0.01,0.0,2.4729812145233154,2.113990068435669,0.04663770645856857,0.024989252910017967,2.497710943222046
500,0.29607704281806946,-7.249763525961419,10.574173044962533,5.308555382752388,nan,nan,nan,0.1786124020609711,0.000338699186319378,0.0004641486910064089,0.00035293645534945295,0.0007884642701831738,0.00015184261005559733,108,0,106319,1.0,combined,0.01,0.0,0.38006308674812317,1.9530199766159058,0.04916294664144516,0.08755666017532349,0.3838637173175812
1000,0.3632408082485199,-2.5976184740377857,3.6226961379775555,1.8187032689519582,nan,nan,nan,0.17999485180398175,0.0003414926462207354,0.00046831318011601795,0.00035583810612340843,0.0007932465681437852,0.00018100247044255146,108,0,106319,1.0,combined,0.01,0.0,1.9239968061447144,1.177949070930481,0.049642983824014664,0.13187618553638458,1.9432368278503418
0,0.0,-14.721499063347508,59.07720864650867,29.658549432176496,nan,nan,nan,0.17340725400929372,0.00033228888092181474,0.0004450402273260078,0.00034840263590245715,0.0007727638114817885,0.0,108,0,106319,1.0,combined,0.1,0.0,,,,,
10,0.013732892461121082,-14.64059815033811,57.98689785085162,29.111180364302612,nan,nan,nan,0.17345464430229893,0.0003324781790118091,0.0004452780055070108,0.0003485837700683987,0.0007730782021496995,3.835571990099842e-06,108,0,106319,1.0,combined,0.1,0.0,11.131072998046875,78.47870635986328,0.045389436185359955,0.00015890452777966857,11.584967613220215
50,0.04686076194047928,-14.205440740270024,52.4582906141615,26.335651953649563,nan,nan,nan,0.17383944261619302,0.0003330742141870881,0.0004462885925498985,0.00034921122884473086,0.0007739643618327647,2.0993240698709774e-05,108,0,106319,1.0,combined,0.1,0.0,0.8647307753562927,11.75156021118164,0.04268234223127365,0.002104556653648615,0.9512038230895996
100,0.07158949971199036,-13.855111249583622,48.392848428445745,24.29467674863991,nan,nan,nan,0.17435938365377374,0.000333576593723318,0.0004484972107333503,0.00034936558969028307,0.0007756445849550762,3.697113729124145e-05,108,0,106319,1.0,combined,0.1,0.0,4.280368804931641,50.22840881347656,0.044802941381931305,0.005089464597404003,4.708405494689941
200,0.15935932099819183,-12.84039991600973,38.30981478353859,19.232688231661275,nan,nan,nan,0.17600669721511245,0.0003354227769302982,0.0004541757583438541,0.00035079276349302206,0.0007800510543976687,8.713295890565341e-05,108,0,106319,1.0,combined,0.1,0.0,2.474912643432617,2.1158812046051025,0.04663601145148277,0.02498053014278412,2.7224037647247314
500,0.29599761962890625,-7.257299324259861,10.592537084203219,5.317774687084339,nan,nan,nan,0.17861060027750242,0.00033869836132276887,0.00046413773541034047,0.0003529383751492396,0.0007884558273723607,0.0001518078588787874,108,0,106319,1.0,combined,0.1,0.0,0.38009870052337646,1.9531372785568237,0.04915975406765938,0.0875096395611763,0.4181085526943207
1000,0.36314576864242554,-2.6059877937046054,3.6296841925207235,1.8222114841478287,nan,nan,nan,0.1799920473747878,0.00034148607524188196,0.0004683032559295345,0.00035583174426261484,0.0007932346173932936,0.000180946198893433,108,0,106319,1.0,combined,0.1,0.0,1.926985263824463,1.1790627241134644,0.04964262619614601,0.13180719316005707,2.1196837425231934
0,0.0,-14.721499063347508,59.07720864650867,29.658549432176496,nan,nan,nan,0.17340725400929372,0.00033228888092181474,0.0004450402273260078,0.00034840263590245715,0.0007727638114817885,0.0,108,0,106319,1.0,combined,1.0,0.0,,,,,
10,0.014393125660717487,-14.646928375401128,58.07148049649053,29.15364341620129,nan,nan,nan,0.17344181232957964,0.0003324812550681096,0.00044517509162347044,0.0003486174245384253,0.0007730059835485104,4.158785084756732e-06,108,0,106319,1.0,combined,1.0,0.0,11.130085945129395,78.47063446044922,0.045354876667261124,0.00017627075430937111,15.665573120117188
50,0.04704967513680458,-14.21822875570687,52.61298428061162,26.413312863133424,nan,nan,nan,0.1738177994545482,0.0003330759634146315,0.00044612795737821245,0.00034926021192756355,0.0007738527042044857,2.1099916240159948e-05,108,0,106319,1.0,combined,1.0,0.0,0.866181492805481,11.775789260864258,0.042646609246730804,0.0021254420280456543,1.7323627471923828
100,0.07115895301103592,-13.87075931304487,48.56752719282429,24.382370783052938,nan,nan,nan,0.17434153056490811,0.00033358091749944826,0.0004483381232397512,0.00034942224072479183,0.0007755273724813994,3.6615048737897555e-05,108,0,106319,1.0,combined,1.0,0.0,4.280227184295654,50.22190475463867,0.04474988207221031,0.005027668550610542,8.560453414916992
200,0.15875740349292755,-12.844232448952402,38.34363709451288,19.249668056959788,nan,nan,nan,0.1759908152385024,0.00033544471140900143,0.00045405756754331205,0.0003508485213176869,0.0007799788079437854,8.69462862226308e-05,108,0,106319,1.0,combined,1.0,0.0,2.5438830852508545,2.1815316677093506,0.04659964516758919,0.024785151705145836,5.087765693664551
500,0.2946743667125702,-7.340302323078091,10.79693018152848,5.420386217308951,nan,nan,nan,0.17858959354379184,0.0003387198409287689,0.00046402473151333434,0.0003529953148116528,0.0007883937924422528,0.00015155118742014596,108,0,106319,1.0,combined,1.0,0.0,0.3794718086719513,1.9488612413406372,0.04911740869283676,0.08672957122325897,0.7589435577392578
1000,0.36171838641166687,-2.709831968753936,3.717519519828227,1.866307480836307,nan,nan,nan,0.17996157038221183,0.00034149008425117603,0.0004681486189663283,0.00035587313915774917,0.0007931290691728954,0.0001806054271704183,108,0,106319,1.0,combined,1.0,0.0,1.9726332426071167,1.1915664672851562,0.0495791882276535,0.13077060878276825,3.945266008377075
0,0.0,-14.721499063347508,59.07720864650867,29.658549432176496,nan,nan,nan,0.17340725400929372,0.00033228888092181474,0.0004450402273260078,0.00034840263590245715,0.0007727638114817885,0.0,108,0,106319,1.0,combined,10.0,0.0,,,,,
10,0.015027050860226154,-14.749659483586724,59.461520313538806,29.8514855379119,nan,nan,nan,0.173306369999454,0.0003323845455981372,0.000444483508290389,0.00034867812707197853,0.0007725013026986613,6.1671215826350176e-06,108,0,106319,1.0,combined,10.0,0.0,11.120552062988281,78.40837860107422,0.04520174860954285,0.0002005687856581062,56.32229995727539
50,0.04657997563481331,-14.33769206979187,54.08032186376212,27.14996080640302,nan,nan,nan,0.17363592446175324,0.0003330169073091432,0.0004450064305283654,0.0003494987619215536,0.0007730604564655036,2.276922355015186e-05,108,0,106319,1.0,combined,10.0,0.0,0.8806179165840149,12.018609046936035,0.04242544621229172,0.0021104239858686924,9.686795234680176
100,0.06839805096387863,-13.929446616818009,49.22828683268598,24.71409215057532,nan,nan,nan,0.17425271127129874,0.0003335701858606113,0.0004477246881786294,0.0003495862192497729,0.0007750649023053612,3.552226409968675e-05,108,0,106319,1.0,combined,10.0,0.0,4.2848052978515625,50.255306243896484,0.04456239566206932,0.004643527790904045,47.132850646972656
200,0.15452469885349274,-12.893206180021515,38.778470773534565,19.467967744089673,nan,nan,nan,0.17585274438500614,0.0003354870926362507,0.00045323750701993634,0.00035111763756119,0.000779399242585246,8.525920232391385e-05,108,0,106319,1.0,combined,10.0,0.0,3.125488758087158,2.693113327026367,0.04635458067059517,0.02343011274933815,34.38037109375
500,0.3073374330997467,-6.882246937656673,9.716162160527906,4.877807911564043,nan,nan,nan,0.17871025776503444,0.00033949805689190767,0.0004638651328646068,0.00035411907493307907,0.0007887492505757364,0.0001577391564847276,108,0,106319,1.0,combined,10.0,0.0,0.3507268726825714,1.821631908416748,0.0487421452999115,0.09433475136756897,3.857994794845581
1000,0.3609137535095215,-3.1584498113892856,4.122066955652536,2.0694025558735833,nan,nan,nan,0.1798733185484683,0.0003416790976743203,0.00046706513676090345,0.00035644081589145685,0.0007923639123278615,0.00018058608258328184,108,0,106319,1.0,combined,10.0,0.0,2.0770938396453857,1.1966664791107178,0.04898716136813164,0.13016898930072784,22.848026275634766
0,0.0,-25.516673196520525,449.9811846755954,356.17818756951306,-20.221954352360388,166.42182695791536,105.24353697830153,0.17439340322873245,0.00031255708485506154,0.0004417832094499269,0.00032630802206275763,0.0007509605315867634,0.0,40,68,120717,0.25,combined,0.01,0.0,,,,,
10,0.01863105408847332,-25.521927511931743,450.52592424751464,356.6093708279052,-20.207887273307414,165.8836479695355,104.90319784550964,0.1746311925995343,0.000312745086354404,0.0004426270308333216,0.00032637292875141704,0.0007515397936418471,8.882995274068475e-06,40,68,120717,0.25,combined,0.01,0.0,9102.40625,183.1108856201172,0.045574720948934555,0.0003204601816833019,9102.4521484375
50,0.030535034835338593,-25.491178137508122,447.3473292309122,354.0933851587552,-20.21611349107903,166.19815535210466,105.1020892406614,0.17463505783308944,0.0003127733519327906,0.0004421186041236609,0.0003265835729601323,0.0007511567756692404,1.2368426384764462e-05,40,68,120717,0.25,combined,0.01,0.0,7.691568851470947,57.688716888427734,0.044886376708745956,0.0009284425177611411,7.73645544052124
100,0.04905165359377861,-25.453615904773763,443.4948954820887,351.0440290587289,-20.17936287756705,164.79769684327923,104.21645296593515,0.1747772454136344,0.0003128677674505831,0.0004419386487616159,0.00032684479155352576,0.0007509383995113739,2.1892646346806524e-05,40,68,120717,0.25,combined,0.01,0.0,8.535980224609375,60.171356201171875,0.04128287360072136,0.0024004976730793715,8.577262878417969
200,0.09845343232154846,-25.40073590720558,438.1276133618572,346.7956096072878,-20.14039143035047,163.32549876983762,103.28544929163456,0.1750770918104898,0.0003132280194404324,0.00044182516500867623,0.00032751526790594305,0.0007509004803912377,4.10948744817402e-05,40,68,120717,0.25,combined,0.01,0.0,20.926252365112305,94.6778793334961,0.04254399612545967,0.009680680930614471,20.968795776367188
500,0.32680508494377136,-15.916631233106886,49.33897903026119,39.05378430477681,-8.932476575169794,12.366947228916198,7.8207365691537465,0.17945827931400035,0.00031713375191232693,0.0004591071227403117,0.0003292159906239912,0.0007644286449805458,0.00015498246016266322,40,68,120717,0.25,combined,0.01,0.0,16.17560386657715,2.3965139389038086,0.048668116331100464,0.10670517385005951,16.224271774291992
1000,0.40052422881126404,-13.890399768455131,30.94332736315406,24.492886887090485,-5.499837595645429,5.610461799083839,3.5480012124043347,0.18119782369632081,0.00032020135012969894,0.00046508782042063875,0.00033213088938418515,0.0007711535078657455,0.00019197779635915808,40,68,120717,0.25,combined,0.01,0.0,250.78721618652344,39.13935089111328,0.04539256915450096,0.15977399051189423,250.83261108398438
0,0.0,-25.516673196520525,449.9811846755954,356.17818756951306,-20.221954352360388,166.42182695791536,105.24353697830153,0.17439340322873245,0.00031255708485506154,0.0004417832094499269,0.00032630802206275763,0.0007509605315867634,0.0,40,68,120717,0.25,combined,0.1,0.0,,,,,
10,0.01861855946481228,-25.52181582761164,450.5143385524018,356.60020028471905,-20.208048792546908,165.8898174927568,104.9070993917019,0.17463087644482236,0.00031274489201783953,0.00044262396712797027,0.00032637360739077236,0.000751537653410855,8.873627133628595e-06,40,68,120717,0.25,combined,0.1,0.0,9102.1728515625,183.1139678955078,0.045574259012937546,0.0003198804333806038,9102.62890625
50,0.030545907095074654,-25.491034073101954,447.33249004664486,354.0816393481806,-20.21633593743075,166.20666826711656,105.1074727249208,0.17463461043926037,0.00031277294323691187,0.00044211407899181164,0.0003265845386967451,0.0007511533501250628,1.237428121084156e-05,40,68,120717,0.25,combined,0.1,0.0,7.691519260406494,57.6897087097168,0.04488550126552582,0.0009291039896197617,8.140374183654785
100,0.0490669310092926,-25.45343440630961,443.4763615232687,351.02935868564265,-20.179708019923126,164.8107941604046,104.22473558128914,0.17477658492696882,0.0003128669177881981,0.00044193120493456986,0.000326846174191743,0.0007509326079989018,2.1910775181142822e-05,40,68,120717,0.25,combined,0.1,0.0,8.536057472229004,60.177181243896484,0.041281331330537796,0.0024019782431423664,8.948870658874512
200,0.09849976748228073,-25.40037816206167,438.0915245840253,346.76704388961446,-20.140730459972414,163.33824918361574,103.29351252870192,0.17507639890865412,0.00031322712415467164,0.0004418147610095303,0.00032751757437783055,0.0007508921073664589,4.11320526869403e-05,40,68,120717,0.25,combined,0.1,0.0,20.92620086669922,94.67472839355469,0.042541999369859695,0.009689759463071823,21.351621627807617
500,0.3268468379974365,-15.916473862614298,49.33719122058774,39.05236918158745,-8.93132763707943,12.363675951477887,7.818667845270959,0.17945853304349363,0.0003171342364688561,0.00045909601006054044,0.00032922082884586333,0.0007644195756935367,0.00015500282819136957,40,68,120717,0.25,combined,0.1,0.0,16.174549102783203,2.3962888717651367,0.04866383597254753,0.1067325696349144,16.66118812561035
1000,0.39990535378456116,-13.905080169545501,31.048101682645353,24.575819970719618,-5.552088027473071,5.678369546293054,3.590945408097689,0.18115599029213753,0.00032015338523151216,0.00046475497176086525,0.0003321685571146573,0.0007708616981272833,0.0001915368675341297,40,68,120717,0.25,combined,0.1,0.0,260.1241149902344,40.423362731933594,0.04533201456069946,0.15926110744476318,260.5774230957031
0,0.0,-25.516673196520525,449.9811846755954,356.17818756951306,-20.221954352360388,166.42182695791536,105.24353697830153,0.17439340322873245,0.00031255708485506154,0.0004417832094499269,0.00032630802206275763,0.0007509605315867634,0.0,40,68,120717,0.25,combined,1.0,0.0,,,,,
10,0.018326226621866226,-25.517179190111353,450.033614736143,356.2196880690361,-20.214340810755353,166.13033130808967,105.05919797805007,0.174614862103995,0.0003127407780868741,0.0004425357337567295,0.0003263898733006001,0.0007514854716635115,8.463844517161623e-06,40,68,120717,0.25,combined,1.0,0.0,9092.6689453125,183.24514770507812,0.045562777668237686,0.0003064798074774444,9097.2255859375
50,0.030800558626651764,-25.485913718262466,446.80539346823366,353.664421228032,-20.22170011396987,166.41208481732403,105.23737614379854,0.17461739179583025,0.00031276526200771804,0.0004420079093778504,0.0003266043202475358,0.0007510844917786845,1.2338207740562988e-05,40,68,120717,0.25,combined,1.0,0.0,7.6920166015625,57.746490478515625,0.04486767575144768,0.0009447928750887513,12.178784370422363
100,0.04952174052596092,-25.449929133547784,443.1185677891454,350.7461505692063,-20.18192916726762,164.89510623431747,104.27805371287539,0.1747728943365783,0.0003128709852380836,0.00044190679887875335,0.00032685801680294203,0.0007509266838748975,2.199583875344624e-05,40,68,120717,0.25,combined,1.0,0.0,8.536162376403809,60.23816680908203,0.04127617925405502,0.002446557395160198,12.663780212402344
200,0.09938491880893707,-25.395335712727608,437.5831662063134,346.3646578082059,-20.143327897121598,163.43596807038017,103.3553089977148,0.17507178284927086,0.00031322933506554784,0.000441755341333878,0.0003275393903312792,0.0007508562074754007,4.1416695323915054e-05,40,68,120717,0.25,combined,1.0,0.0,20.924793243408203,94.64813995361328,0.042529650032520294,0.009864352643489838,25.177757263183594
500,0.33016660809516907,-15.944532073294305,49.65697302427896,39.30548932779659,-8.938422674484151,12.383890907089983,7.8314515856454365,0.17945774478290566,0.0003171616432596207,0.0004579954999704829,0.0003296553128256454,0.0007635840894026739,0.00015640115094575058,40,68,120717,0.25,combined,1.0,0.0,16.076017379760742,2.3823814392089844,0.04820661619305611,0.10892516374588013,20.896678924560547
1000,0.4004403054714203,-13.93247450533674,31.244565216885746,24.731328751824968,-5.603987883744265,5.746635328956374,3.634116021913247,0.18112050412445338,0.00032011704305099893,0.0004640050085044935,0.0003323845958359388,0.0007702535895882181,0.00019169514405986796,40,68,120717,0.25,combined,1.0,0.0,275.6871032714844,42.28166198730469,0.04517967626452446,0.15968133509159088,280.205078125
0,0.0,-25.516673196520525,449.9811846755954,356.17818756951306,-20.221954352360388,166.42182695791536,105.24353697830153,0.17439340322873245,0.00031255708485506154,0.0004417832094499269,0.00032630802206275763,0.0007509605315867634,0.0,40,68,120717,0.25,combined,10.0,0.0,,,,,
10,0.013131046667695045,-25.50770019846648,449.0524342102754,355.4430442597311,-20.22428804885539,166.51127833648167,105.30010515592575,0.17448542431229447,0.00031262557761359305,0.0004418851196292061,0.0003264046499134384,0.0007509963405295957,4.7942388039432856e-06,40,68,120717,0.25,combined,10.0,0.0,9051.3583984375,183.2975311279297,0.04547296091914177,0.00014995757373981178,9096.8310546875
50,0.02731318213045597,-25.471538533982063,445.32890875305935,352.4957242519484,-20.209384183290577,165.94083397988888,104.93936171959562,0.17446776417609927,0.00031260178931785687,0.0004411719030957476,0.00032663087474575034,0.0007504244613792517,1.1785209466928342e-05,40,68,120717,0.25,combined,10.0,0.0,7.7214674949646,58.31430435180664,0.04474303498864174,0.0007404471980407834,52.464500427246094
100,0.049525968730449677,-25.438494167158673,441.9533719994048,349.8238512849537,-20.201395490510752,165.63587227732128,104.74650691918981,0.17461747739436745,0.00031267741471090253,0.0004408065374253843,0.0003269337681926807,0.0007500310192330765,2.290785656949446e-05,40,68,120717,0.25,combined,10.0,0.0,8.583613395690918,61.49136734008789,0.04106305539608002,0.0024429336190223694,49.646671295166016
200,0.10409601032733917,-25.4393354431536,442.0389915022738,349.89162256160046,-20.098925360613208,161.77350168301416,102.30398150112276,0.17525211382088576,0.0003133343152573502,0.00044257462729246097,0.0003274753713489284,0.000751384783022551,4.3394904749935756e-05,40,68,120717,0.25,combined,10.0,0.0,20.81682586669922,94.54943084716797,0.04265807196497917,0.010817639529705048,63.47489929199219
500,0.33456185460090637,-15.747080132591897,47.44987234260257,37.5584804586376,-8.465444961723247,11.106042888511464,7.023352986716305,0.17962400488712693,0.0003172903138155271,0.0004586875621118569,0.0003296911302455964,0.000764046014369082,0.00015886180896646274,40,68,120717,0.25,combined,10.0,0.0,16.035627365112305,2.3412022590637207,0.048389047384262085,0.11183173954486847,64.42467498779297
1000,0.3958222568035126,-13.95785763640145,31.427714465498646,24.87629874089838,-5.653191346274323,5.812112135375823,3.6755229144079977,0.18115202894406748,0.0003199732158567598,0.00046385659349964555,0.00033229290836665965,0.0007698660195776178,0.00019070694421137823,40,68,120717,0.25,combined,10.0,0.0,272.061767578125,41.71922302246094,0.045141227543354034,0.1560274064540863,317.2030029296875
0,0.0,-24.211114565195476,349.36384172029904,263.70080557830005,-20.2717170914211,176.69717839682042,106.45638368604715,0.17439340322873245,0.00031255708485506154,0.0004417832094499269,0.00032630802206275763,0.0007509605315867634,0.0,63,45,120717,0.5,combined,0.01,0.0,,,,,
10,0.01878584921360016,-24.216040454691594,349.76032477068344,264.00007209446176,-20.253337276557023,175.95095687727553,106.00680070390665,0.17464642754244927,0.0003127562248691442,0.00044271322008737613,0.0003263664983625981,0.0007516076888693146,9.227890885069148e-06,63,45,120717,0.5,combined,0.01,0.0,6782.0517578125,213.48585510253906,0.048118554055690765,0.00032322638435289264,6782.10009765625
50,0.031490594148635864,-24.193217546968665,347.92709643697157,262.61634621708316,-20.233307194810738,175.14132252958223,105.51901280856247,0.1747260621534733,0.000312839709445841,0.00044261702217889134,0.000326546389248763,0.0007515185674527448,1.3902132479355738e-05,63,45,120717,0.5,combined,0.01,0.0,5.7435078620910645,58.02819061279297,0.047832682728767395,0.000986437313258648,5.791340351104736
100,0.05547424405813217,-24.171610343330613,346.20037375377814,261.31301110281856,-20.168593196137863,172.55089845763032,103.95833605404192,0.1749948436930081,0.0003130414337754302,0.0004430058826967218,0.0003268103748763588,0.00075170921617796,2.567393867487294e-05,63,45,120717,0.5,combined,0.01,0.0,6.208622455596924,58.986732482910156,0.043688248842954636,0.0030693132430315018,6.252310752868652
200,0.18949440121650696,-23.110519713860086,271.1555321862288,204.66895464175514,-18.062785378208673,106.25183597753758,64.01452655214119,0.17726661098754137,0.00031466260444321646,0.0004515967277614385,0.0003273323997369589,0.0007577817286923354,9.397482622092956e-05,63,45,120717,0.5,combined,0.01,0.0,10.10923957824707,54.03939437866211,0.04799354448914528,0.03578774258494377,10.157233238220215
500,0.36213257908821106,-12.614179559535286,24.187136414611096,18.256518264049625,-6.346402528534783,7.156458517143559,4.3116177668857665,0.18087209001233437,0.0003188843432449281,0.00046479763665710093,0.00033035686740368156,0.0007695887296371889,0.00017821814426222546,63,45,120717,0.5,combined,0.01,0.0,11.393604278564453,2.2105753421783447,0.05358909070491791,0.1309903860092163,11.447193145751953
1000,0.5563912987709045,-4.487163456269959,3.7229126253509928,2.8100648698174626,2.2142816285404736,0.9968498377117616,0.6005813435373268,0.1861679989038498,0.0003297495974038277,0.0004809534786919405,0.0003416491669254401,0.0007906734395637273,0.0002720531584462516,63,45,120717,0.5,combined,0.01,0.0,1.2516671419143677,0.3709203898906708,0.05006998032331467,0.3095046281814575,1.264183759689331
0,0.0,-24.211114565195476,349.36384172029904,263.70080557830005,-20.2717170914211,176.69717839682042,106.45638368604715,0.17439340322873245,0.00031255708485506154,0.0004417832094499269,0.00032630802206275763,0.0007509605315867634,0.0,63,45,120717,0.5,combined,0.1,0.0,,,,,
10,0.018740661442279816,-24.21588724899007,349.74798652255873,263.9907591502432,-20.253676745120522,175.96471071379278,106.01508710502928,0.17464569282935,0.00031275591902205465,0.0004427075511999701,0.00032636768135188197,0.0007516039915768498,9.205103080773371e-06,63,45,120717,0.5,combined,0.1,0.0,6781.76220703125,213.49295043945312,0.048117656260728836,0.00032139348331838846,6782.2431640625
50,0.03147922083735466,-24.193055634071357,347.91412532255947,262.6065555836196,-20.23378868797262,175.16074115624133,105.53071212820656,0.17472505718783984,0.0003128390876981418,0.000442608316856808,0.0003265480700043756,0.0007515123561415769,1.3891294441529495e-05,63,45,120717,0.5,combined,0.1,0.0,5.743558883666992,58.03132247924805,0.047831058502197266,0.0009857282275334,6.221869468688965
100,0.055460065603256226,-24.171201904967777,346.1678163829577,261.28843670819725,-20.16910970823396,172.5714213815965,103.97070068990045,0.17499339656934787,0.0003130403194414766,0.0004429923542517443,0.0003268128744227246,0.0007516989214817625,2.5672364431039885e-05,63,45,120717,0.5,combined,0.1,0.0,6.208746433258057,59.006141662597656,0.04368508979678154,0.0030677379108965397,6.645597457885742
200,0.18976978957653046,-23.091757745913704,269.98663910736076,203.786670874166,-18.041061172872524,105.72167192970007,63.69511371371777,0.17726987052139767,0.0003146641562355088,0.00045160972973596686,0.0003273319220998268,0.000757789798957766,9.408405953887267e-05,63,45,120717,0.5,combined,0.1,0.0,10.091873168945312,53.93882369995117,0.047997429966926575,0.035892464220523834,10.571847915649414
500,0.36238569021224976,-12.609776001936996,24.162624137103148,18.238016328378276,-6.338939027154882,7.144170456592704,4.304214465369421,0.18087598646533992,0.00031889021222501556,0.0004648020409012352,0.0003303653605247183,0.0007695951263956314,0.00017831352299980052,63,45,120717,0.5,combined,0.1,0.0,11.391486167907715,2.2095558643341064,0.05358804017305374,0.13117429614067078,11.927366256713867
1000,0.5566695928573608,-4.4721337350434665,3.710050930890808,2.8003568268398262,2.2203727970118785,0.995452692586231,0.5997395925886243,0.1861751854177999,0.0003297677002280265,0.0004809470181978823,0.00034168011704743736,0.0007906838589199173,0.00027218576848936496,63,45,120717,0.5,combined,0.1,0.0,1.2492589950561523,0.3704557716846466,0.05006377398967743,0.30981436371803284,1.3741848468780518
0,0.0,-24.211114565195476,349.36384172029904,263.70080557830005,-20.2717170914211,176.69717839682042,106.45638368604715,0.17439340322873245,0.00031255708485506154,0.0004417832094499269,0.00032630802206275763,0.0007509605315867634,0.0,63,45,120717,0.5,combined,1.0,0.0,,,,,
10,0.01742028445005417,-24.211540661301555,349.39812027589346,263.72667912800625,-20.265966711567742,176.46337309785378,106.31552084465685,0.1746219101721093,0.00031272430239983733,0.00044241286376228126,0.00032641888042642857,0.000751361301119747,8.463147402091514e-06,63,45,120717,0.5,combined,1.0,0.0,6772.74755859375,213.7474822998047,0.048056986182928085,0.0002705781371332705,6777.55322265625
50,0.031075336039066315,-24.18975773076553,347.650029954962,262.40721566097034,-20.248036056102194,175.73631317399406,105.87748232633183,0.17470236622056023,0.00031280466955895415,0.00044228495008276245,0.00032660367971570377,0.00075124444035644,1.3863214106065652e-05,63,45,120717,0.5,combined,1.0,0.0,5.744832515716553,58.111244201660156,0.04776005819439888,0.0009605497471056879,10.520837783813477
100,0.05500412359833717,-24.162495130215884,345.4745112421546,260.7651280474008,-20.1818729527929,173.07932811959319,104.27670396096273,0.17496625915750388,0.0003129993219289129,0.00044260577565125795,0.00032687876317969865,0.0007513796583617107,2.5860855649041197e-05,63,45,120717,0.5,combined,1.0,0.0,6.211369037628174,59.40685272216797,0.04359465464949608,0.003017533104866743,10.57083511352539
200,0.1806238442659378,-23.779291905762694,316.29744854915583,238.74219946192864,-18.882886563780964,128.33542753080297,77.3194322495073,0.1770825979597391,0.00031448648780834683,0.00045060922077342285,0.0003273261647144699,0.0007569683964651392,8.913457021068149e-05,63,45,120717,0.5,combined,1.0,0.0,10.90759563446045,58.44358444213867,0.047697801142930984,0.03253403678536415,15.677375793457031
500,0.3614116311073303,-12.640202479365612,24.33250078185662,18.366239695312434,-6.394147277841289,7.235568062520269,4.359279626527568,0.18084239560720564,0.0003187688232752378,0.0004648924093878732,0.0003301558517995118,0.000769550792085316,0.0001772470229940405,63,45,120717,0.5,combined,1.0,0.0,11.423137664794922,2.2186336517333984,0.05367111414670944,0.13046491146087646,16.79024887084961
1000,0.5099137425422668,-7.367579554831531,7.226440871883335,5.454537796459279,1.052389924476754,1.3026235122991843,0.7848036379639419,0.18521464510767277,0.0003270897998625662,0.0004777783724062068,0.00033885961763881103,0.000785765545608099,0.000253125028810013,63,45,120717,0.5,combined,1.0,0.0,1.6953535079956055,0.42654579877853394,0.04989189654588699,0.2597048282623291,3.3907065391540527
0,0.0,-24.211114565195476,349.36384172029904,263.70080557830005,-20.2717170914211,176.69717839682042,106.45638368604715,0.17439340322873245,0.00031255708485506154,0.0004417832094499269,0.00032630802206275763,0.0007509605315867634,0.0,63,45,120717,0.5,combined,10.0,0.0,,,,,
10,0.013098551891744137,-24.203438081166,348.7468601005271,263.2351061248027,-20.273980742823273,176.78930138949528,106.51188587766946,0.17448369344324854,0.0003126186141671108,0.0004418483267694831,0.0003264098824043633,0.0007509618781929976,4.903953061667478e-06,63,45,120717,0.5,combined,10.0,0.0,6745.70751953125,213.626220703125,0.04798392951488495,0.00014778572949580848,6793.69140625
50,0.028084183111786842,-24.17271419262358,346.28837892627865,261.379437653343,-20.261771305451184,176.29298685801078,106.21286667050353,0.1744923838200525,0.00031260673093002115,0.0004412112584317483,0.0003266378692386983,0.0007504259102425167,1.2425924759126331e-05,63,45,120717,0.5,combined,10.0,0.0,5.7768683433532715,58.87083435058594,0.04759572073817253,0.0007813962292857468,53.372589111328125
100,0.052452076226472855,-24.143369376782232,343.95643244110363,259.6192779193587,-20.255870729997824,176.0536276729888,106.06865772800273,0.1747042319865277,0.00031273288601619067,0.0004410789086446832,0.0003269539548463765,0.0007501884504016361,2.4623947329464966e-05,63,45,120717,0.5,combined,10.0,0.0,6.273069858551025,61.749393463134766,0.04328266903758049,0.0027381472755223513,49.55574035644531
200,0.16043543815612793,-24.140963234045095,343.76592137391066,259.47547963261275,-19.6068399812836,151.61490686598626,91.34483552194729,0.17669262992048138,0.0003141639925915344,0.0004492488633689609,0.00032712797034490954,0.0007559506416515447,7.737040629976635e-05,63,45,120717,0.5,combined,10.0,0.0,13.106091499328613,71.297607421875,0.04734828695654869,0.025664035230875015,60.454376220703125
500,0.3337608873844147,-13.791063866708374,31.715596559198822,23.939021052879472,-7.818066340698189,10.043024899281475,6.050714118622692,0.18005148233266327,0.00031756385096939226,0.000461263630972692,0.00032943001801833516,0.0007659856535745945,0.00016258923717357279,63,45,120717,0.5,combined,10.0,0.0,11.639156341552734,2.3813226222991943,0.0528830848634243,0.11126816272735596,64.5222396850586
1000,0.4542742669582367,-11.102642309946942,17.07775304360426,12.890335796888643,-2.491251656916657,2.945663077096994,1.7747008842496756,0.18317521325241207,0.00032315434703926725,0.0004694535364432944,0.000335648491264869,0.0007763062593306875,0.00022360526977312114,63,45,120717,0.5,combined,10.0,0.0,15.576703071594238,4.302004337310791,0.04849182814359665,0.2058478593826294,64.06853485107422
0,0.0,-22.97064856533528,286.666226444442,198.18229645652804,nan,nan,nan,0.17439340322873245,0.00031255708485506154,0.0004417832094499269,0.00032630802206275763,0.0007509605315867634,0.0,108,0,120717,1.0,combined,0.01,0.0,,,,,
10,0.01997056044638157,-22.970600757551452,286.6630707972663,198.18011484827989,nan,nan,nan,0.17466858956116427,0.0003127692159194935,0.00044283677908838593,0.00032635247472258494,0.0007516930182851111,9.885676207434357e-06,108,0,120717,1.0,combined,0.01,0.0,5126.720703125,213.41476440429688,0.047830868512392044,0.0003514703130349517,5126.7685546875
50,0.03676130250096321,-22.93939777606873,284.6108489062322,196.7613427374246,nan,nan,nan,0.17487673968627263,0.0003129464286927701,0.0004434592975314644,0.0003264752323529198,0.0007521281014775753,1.7634229543362925e-05,108,0,120717,1.0,combined,0.01,0.0,4.320334434509277,58.178218841552734,0.047330815345048904,0.0013420891482383013,4.363537788391113
100,0.08036817610263824,-22.945195408288708,284.9910450565611,197.02418551144325,nan,nan,nan,0.17552354076758975,0.00031345007220100164,0.0004454892288831334,0.00032677184948194345,0.0007535313016056519,4.0006000551694754e-05,108,0,120717,1.0,combined,0.01,0.0,4.231333255767822,48.70736312866211,0.04390151798725128,0.006441187113523483,4.273646354675293
200,0.22810664772987366,-17.31900403249093,78.02110130828608,53.9386910733284,nan,nan,nan,0.17803213322351405,0.0003150782368860886,0.0004560018771942269,0.0003267432439155535,0.0007610524974398274,0.00011239497389359173,108,0,120717,1.0,combined,0.01,0.0,5.773247718811035,43.421974182128906,0.04848989099264145,0.05201227590441704,5.821737766265869
500,0.3183610439300537,-12.651052119631059,26.632803512539674,18.412179999912,nan,nan,nan,0.1797429535060291,0.00031702912863246674,0.00046251359749052294,0.000328071057810903,0.0007667885095185516,0.00015362220007026454,108,0,120717,1.0,combined,0.01,0.0,8.632222175598145,3.0794875621795654,0.05235861614346504,0.10126832127571106,8.68458080291748
1000,0.3948284983634949,-10.140246123288959,14.939507663365262,10.328199360553,nan,nan,nan,0.18196930340077586,0.0003206439401743318,0.00047028991585652396,0.00033132612076162857,0.0007751287295314689,0.0001969728510442821,108,0,120717,1.0,combined,0.01,0.0,59.20375442504883,22.598012924194336,0.04871952533721924,0.1554410606622696,59.25247573852539
0,0.0,-22.97064856533528,286.666226444442,198.18229645652804,nan,nan,nan,0.17439340322873245,0.00031255708485506154,0.0004417832094499269,0.00032630802206275763,0.0007509605315867634,0.0,108,0,120717,1.0,combined,0.1,0.0,,,,,
10,0.019843392074108124,-22.97061607812402,286.6640820581292,198.18081396795858,nan,nan,nan,0.17466757380590447,0.0003127665285053743,0.0004428208239791823,0.000326354350729058,0.0007516782497777005,9.836834710076903e-06,108,0,120717,1.0,combined,0.1,0.0,5126.5927734375,213.4236602783203,0.047827478498220444,0.0003471069212537259,5127.0712890625
50,0.03649132698774338,-22.93990142087293,284.64385671388095,196.78416217870293,nan,nan,nan,0.1748719109031289,0.00031294139582355233,0.00044343589124726295,0.0003264743370485473,0.0007521088304456525,1.748700354160087e-05,108,0,120717,1.0,combined,0.1,0.0,4.321331977844238,58.20060729980469,0.04732830449938774,0.0013224459253251553,4.753465175628662
100,0.08009056746959686,-22.944978676321455,284.97682311011,197.01435338701503,nan,nan,nan,0.17551878838251486,0.00031344561163579716,0.00044546184166691766,0.00032677251181721277,0.000753509660022309,3.9856228320994346e-05,108,0,120717,1.0,combined,0.1,0.0,4.239320755004883,48.810997009277344,0.0438975989818573,0.00639518816024065,4.663252830505371
200,0.2279038280248642,-17.337703124662326,78.35775515205479,54.17143154190931,nan,nan,nan,0.17802784508140113,0.0003150736496508479,0.00045597829989353975,0.00032674302235140523,0.0007610319844932849,0.00011229467306323964,108,0,120717,1.0,combined,0.1,0.0,5.777263164520264,43.44631576538086,0.04848342016339302,0.051919810473918915,6.262097358703613
500,0.3180890381336212,-12.658896555069962,26.680952432251704,18.445467016658913,nan,nan,nan,0.17973691424067145,0.0003170188898544453,0.00046247849162685994,0.00032806688325730276,0.000766754727251044,0.0001534909131073455,108,0,120717,1.0,combined,0.1,0.0,8.635072708129883,3.0816633701324463,0.052351053804159164,0.10109563171863556,9.158583641052246
1000,0.3945181667804718,-10.14631736063407,14.960407013530077,10.342647805566855,nan,nan,nan,0.18196041294524612,0.00032062556627411717,0.00047026909910407314,0.00033130442180074113,0.0007750984447261235,0.00019679872618280444,108,0,120717,1.0,combined,0.1,0.0,59.771949768066406,22.8159122467041,0.0487181581556797,0.155196875333786,60.259132385253906
0,0.0,-22.97064856533528,286.666226444442,198.18229645652804,nan,nan,nan,0.17439340322873245,0.00031255708485506154,0.0004417832094499269,0.00032630802206275763,0.0007509605315867634,0.0,108,0,120717,1.0,combined,1.0,0.0,,,,,
10,0.01844155043363571,-22.97048468688319,286.6554094681565,198.174818305971,nan,nan,nan,0.17465105178892731,0.00031273765219022674,0.00044257611282616863,0.0003263952962269644,0.0007514693729844469,9.162939732077915e-06,108,0,120717,1.0,combined,1.0,0.0,5123.708984375,213.6105499267578,0.04777839407324791,0.00029512293986044824,5128.48681640625
50,0.035177409648895264,-22.941201753323984,284.7290954345819,196.8430906601814,nan,nan,nan,0.1748507662652514,0.0003129039522191801,0.0004431581196032859,0.00032651424039757936,0.0007518653690424548,1.6821753904820977e-05,108,0,120717,1.0,combined,1.0,0.0,4.323903560638428,58.28521728515625,0.04727483540773392,0.0012288603466004133,8.647806167602539
100,0.0785006582736969,-22.94348004622679,284.8785024581543,196.94638091311967,nan,nan,nan,0.1754986896552808,0.0003134085543144493,0.0004451627444640885,0.0003268171167517884,0.0007532458277433697,3.9121918836914425e-05,108,0,120717,1.0,combined,1.0,0.0,4.279355049133301,49.31509017944336,0.04384269937872887,0.006143942475318909,8.558709144592285
200,0.23101751506328583,-16.94104631373958,71.51815537517969,49.44297919704486,nan,nan,nan,0.1781473844931933,0.000315144903458554,0.0004558707358871165,0.0003269580165598274,0.0007608723715212231,0.00011506405554004955,108,0,120717,1.0,combined,1.0,0.0,5.667868137359619,42.564666748046875,0.04839194566011429,0.053344596177339554,10.507062911987305
500,0.32489100098609924,-12.425785552201505,25.286587751050064,17.481494392308022,nan,nan,nan,0.17993827674564286,0.0003172991569528106,0.0004621100025823771,0.000328701119491614,0.0007665480601117993,0.0001581734447220688,108,0,120717,1.0,combined,1.0,0.0,8.500024795532227,3.0079991817474365,0.05207088217139244,0.10544844716787338,13.707113265991211
1000,0.4694440960884094,-8.104099486147838,9.34806280795156,6.462639766386125,nan,nan,nan,0.18401476689754384,0.0003243709500738885,0.000474562405999074,0.0003358338751536742,0.0007811061074761428,0.00023263847292329768,108,0,120717,1.0,combined,1.0,0.0,3.19490385055542,1.5126166343688965,0.048825837671756744,0.21942628920078278,6.389807224273682
0,0.0,-22.97064856533528,286.666226444442,198.18229645652804,nan,nan,nan,0.17439340322873245,0.00031255708485506154,0.0004417832094499269,0.00032630802206275763,0.0007509605315867634,0.0,108,0,120717,1.0,combined,10.0,0.0,,,,,
10,0.014513061381876469,-22.964030516174894,286.229719309643,197.88052394754752,nan,nan,nan,0.17449583542343208,0.0003126123507252041,0.00044181252181883514,0.0003264236913924858,0.0007509077499411223,5.743673092803138e-06,108,0,120717,1.0,combined,10.0,0.0,5104.4560546875,213.64646911621094,0.047679536044597626,0.00018169371469412,5152.1357421875
50,0.03065630793571472,-22.94297593599758,284.845436914231,196.923521556754,nan,nan,nan,0.17455049773369768,0.0003126321043708376,0.0004413772775444952,0.0003266420043375359,0.0007505026339026004,1.361021773719023e-05,108,0,120717,1.0,combined,10.0,0.0,4.367071151733398,59.37489318847656,0.04700131714344025,0.0009298743680119514,48.03777313232422
100,0.05976272001862526,-22.90673060954717,282.4780678665641,195.2868772954264,nan,nan,nan,0.17488274133487017,0.0003128702514457772,0.000441842954071985,0.00032695054310933594,0.000750713881601043,2.7396341796743296e-05,108,0,120717,1.0,combined,10.0,0.0,4.561107635498047,58.23551940917969,0.043229322880506516,0.003555194940418005,47.79043197631836
200,0.19578053057193756,-22.131746667434363,236.31230688765035,163.37088690498712,nan,nan,nan,0.17717407421846026,0.000314504853044366,0.00045006692263066604,0.0003276008027825188,0.0007564133109109715,9.398942075746619e-05,108,0,120717,1.0,combined,10.0,0.0,7.718335151672363,55.41623306274414,0.046986743807792664,0.03823259472846985,54.705078125
500,0.36029520630836487,-11.231962473876449,19.20913994117895,13.279944113805355,nan,nan,nan,0.18055213479422325,0.0003183841947935883,0.0004621175639788712,0.0003305233889310195,0.0007671160405688953,0.00017450399159593766,108,0,120717,1.0,combined,10.0,0.0,8.084733009338379,2.7833492755889893,0.05158643797039986,0.12962128221988678,59.67116928100586
1000,0.5275431275367737,-5.502153854988675,5.134841689516795,3.5498940024816,nan,nan,nan,0.18526080109129672,0.0003274895574554741,0.0004740770045149536,0.00034090487506590033,0.0007833071566626737,0.00025838376335586934,108,0,120717,1.0,combined,10.0,0.0,1.131123423576355,0.47883814573287964,0.0477413572371006,0.2779989242553711,12.442355155944824
0,0.0,-29.585924173909113,324.4805959439076,909.0597254000431,-22.32784351302471,43.00284182706094,170.91664186581752,0.1747288505215207,0.0003093042149979242,0.0004208497547848601,0.0003233813504104159,0.00072880006256572,0.0,40,68,121618,0.25,combined,0.01,0.0,,,,,
10,0.01844966597855091,-28.76515682890266,268.60370352027604,752.5159039272326,-21.62163313878297,36.549052208315224,145.26577782802838,0.17491746418349371,0.0003096557496551578,0.0004216884607759198,0.00032361718980557935,0.0007294998288997203,8.813387760117184e-06,40,68,121618,0.25,combined,0.01,0.0,8.547348022460938,0.150374174118042,0.04330015927553177,0.00030433537904173136,8.590648651123047
50,0.05801940709352493,-26.947837999088584,176.75842106178666,495.2036076152614,-19.9312800204071,24.765141141572897,98.4301171600019,0.1754827560028009,0.00031055980804987015,0.00042397293108827386,0.0003242101007517055,0.0007313756661831244,3.122465108160465e-05,40,68,121618,0.25,combined,0.01,0.0,1.8982149362564087,10.6248779296875,0.04357694461941719,0.0033266358077526093,1.9171971082687378
100,0.09487279504537582,-25.851217083526382,137.3150128591738,384.69957662627894,-18.46362252969794,17.663430684186032,70.20406392004838,0.17612516701535902,0.00031151150265241784,0.00042687003076739453,0.0003246847770886226,0.0007338117953127614,5.344605397873472e-05,40,68,121618,0.25,combined,0.01,0.0,2.268084764480591,13.811492919921875,0.04698248580098152,0.008929870091378689,2.2907655239105225
200,0.15337233245372772,-24.59299628171539,102.7770011816548,287.93842725740734,-17.042769097290254,12.734729225913352,50.61472828044378,0.17708490280271083,0.0003129761959869519,0.00043142456555575004,0.0003253608299273772,0.0007376856142818747,8.368238940199181e-05,40,68,121618,0.25,combined,0.01,0.0,49.9266357421875,22.57265281677246,0.04560181498527527,0.02345377951860428,49.97223663330078
500,0.22696179151535034,-22.538380688564462,64.03750199474948,179.40645667673456,-16.004756761497205,10.027403277924838,39.85434501723345,0.17852866559637232,0.00031537327721346955,0.0004373670847607206,0.0003269924159791972,0.0007433089421140835,0.00011950521431759804,40,68,121618,0.25,combined,0.01,0.0,4.061769008636475,8.78744125366211,0.0458281971514225,0.05160393565893173,4.102386474609375
1000,0.2469835877418518,-22.392557285605225,61.92300763562888,173.48252259411103,-15.832732319036847,9.637980367717935,38.30656693443024,0.1789380964087332,0.00031555866042045174,0.00043953189811811894,0.0003267351130212223,0.0007450183482283845,0.00012812499129693817,40,68,121618,0.25,combined,0.01,0.0,1.6051733493804932,6.373531818389893,0.0459025576710701,0.061055708676576614,1.621225118637085
0,0.0,-29.585924173909113,324.4805959439076,909.0597254000431,-22.32784351302471,43.00284182706094,170.91664186581752,0.1747288505215207,0.0003093042149979242,0.0004208497547848601,0.0003233813504104159,0.00072880006256572,0.0,40,68,121618,0.25,combined,0.1,0.0,,,,,
10,0.018449654802680016,-28.765175871703377,268.6048812874881,752.5192035412981,-21.62164111751145,36.549119355203786,145.266044706221,0.17491746227042096,0.00030965575706872384,0.0004216884338863448,0.000323617207606691,0.0007294998143714958,8.813343698220236e-06,40,68,121618,0.25,combined,0.1,0.0,8.547347068786621,0.1503741592168808,0.04330015182495117,0.0003043348260689527,8.980348587036133
50,0.058018822222948074,-26.94789481114393,176.76073333497928,495.2100856434079,-19.93131989165997,24.76536850383021,98.43102082105906,0.17548274296395788,0.00031055985227460817,0.00042397274320963224,0.0003242102252358351,0.0007313755508358513,3.122425469140669e-05,40,68,121618,0.25,combined,0.1,0.0,1.8982048034667969,10.624850273132324,0.04357689619064331,0.003326570149511099,2.0880253314971924
100,0.09487035125494003,-25.851217444942453,137.3150242864097,384.69960864064296,-18.46364423737381,17.66351897289387,70.20441482730978,0.1761251454795528,0.00031151156741782013,0.0004268696608970416,0.00032468498492571374,0.0007338115516963133,5.3445101735805206e-05,40,68,121618,0.25,combined,0.1,0.0,2.2680649757385254,13.811476707458496,0.046982403844594955,0.008929410018026829,2.4948713779449463
200,0.15337000787258148,-24.592869768012193,102.77400724316912,287.9300394865154,-17.042746072011266,12.734661709532604,50.614459933688586,0.17708489678279954,0.00031297637460339054,0.00043142418813911987,0.0003253612120985068,0.0007376854264034862,8.368199180690876e-05,40,68,121618,0.25,combined,0.1,0.0,49.934593200683594,22.575246810913086,0.045601677149534225,0.023453066125512123,50.39060974121094
500,0.22695665061473846,-22.538339936846846,64.03690110616732,179.4047732367498,-16.004707222888015,10.027288899133532,39.853890413814696,0.17852861373149842,0.0003153736779832838,0.00043736632739920905,0.00032699317067212946,0.0007433085280507537,0.00011950420661681624,40,68,121618,0.25,combined,0.1,0.0,4.061666488647461,8.78708553314209,0.04582779109477997,0.0516015999019146,4.467833042144775
1000,0.3253534436225891,-20.97280709117132,44.655712455887155,125.106740465028,-13.831143232329289,6.078929807091046,24.16096761568453,0.18081885877467996,0.0003211361369857671,0.0004464699815191931,0.00033234264734727985,0.0007540272475302436,0.00017003219760618605,40,68,121618,0.25,combined,0.1,0.0,1.5409083366394043,5.59984827041626,0.04623842239379883,0.10487069189548492,1.694999098777771
0,0.0,-29.585924173909113,324.4805959439076,909.0597254000431,-22.32784351302471,43.00284182706094,170.91664186581752,0.1747288505215207,0.0003093042149979242,0.0004208497547848601,0.0003233813504104159,0.00072880006256572,0.0,40,68,121618,0.25,combined,1.0,0.0,,,,,
10,0.018449561670422554,-28.76539448555246,268.61840257946545,752.5570845798736,-21.621753454405198,36.55006476616584,145.26980228269622,0.1749174506920377,0.00030965583266149156,0.0004216881607672161,0.00032361739753526724,0.000729499659970373,8.812861862495222e-06,40,68,121618,0.25,combined,1.0,0.0,8.547343254089355,0.15037472546100616,0.04330005496740341,0.0003043299075216055,12.877348899841309
50,0.05801290646195412,-26.948446464010864,176.78318739844607,495.27299259385234,-19.93171072597972,24.7675973121381,98.4398793154088,0.17548263919279186,0.00031056028340272336,0.0004239708812106865,0.00032421146758988275,0.000731374370094529,3.122035356998455e-05,40,68,121618,0.25,combined,1.0,0.0,1.8980916738510132,10.624478340148926,0.04357638582587242,0.003325903322547674,3.796182870864868
100,0.09484610706567764,-25.851263997578965,137.31649619336207,384.70373231197084,-18.46391906080258,17.664636763390067,70.20885753364738,0.17612496213252785,0.0003115122353406534,0.0004268660486727073,0.0003246870743618404,0.0007338091643930712,5.3435636338123124e-05,40,68,121618,0.25,combined,1.0,0.0,2.267843246459961,13.81120491027832,0.0469815731048584,0.008924836292862892,4.535686016082764
200,0.15278245508670807,-24.61063458689782,103.19526538421988,289.1102296575552,-17.05089841632039,12.75858898755184,50.70955992788163,0.17707420233067997,0.00031296756138362024,0.00043136984145804845,0.0003253650412607411,0.0007376438591088473,8.339115918767938e-05,40,68,121618,0.25,combined,1.0,0.0,52.20792770385742,23.293590545654297,0.04559250921010971,0.02327180653810501,56.76717758178711
500,0.2269894778728485,-22.536800305047628,64.01420319515792,179.34118312687175,-16.002573649108392,10.022363967483592,39.83431606144023,0.1785279672560348,0.00031538138085839234,0.00043736055931266473,0.00032700471534789446,0.000743308911378728,0.00011951330665692122,40,68,121618,0.25,combined,1.0,0.0,4.0602216720581055,8.78174877166748,0.04582307115197182,0.05161713808774948,8.120442390441895
1000,0.24708431959152222,-22.394639828848568,61.95270828127408,173.56573145501653,-15.835966868835092,9.645161241700697,38.335107626501966,0.17893583344570743,0.00031553790929211346,0.0004395192485630674,0.00032671259926075484,0.0007449922710666756,0.00012804829942458635,40,68,121618,0.25,combined,1.0,0.0,1.6059331893920898,6.376033782958984,0.04590459540486336,0.0611056387424469,3.2118659019470215
0,0.0,-29.585924173909113,324.4805959439076,909.0597254000431,-22.32784351302471,43.00284182706094,170.91664186581752,0.1747288505215207,0.0003093042149979242,0.0004208497547848601,0.0003233813504104159,0.00072880006256572,0.0,40,68,121618,0.25,combined,10.0,0.0,,,,,
10,0.018448563292622566,-28.76752822311003,268.75041024280205,752.926915169695,-21.622823189213385,36.55906872405092,145.30558890004136,0.17491731595409504,0.00030965653975942715,0.00042168538743121443,0.000323619243875887,0.0007294980588949746,8.80805170793331e-06,40,68,121618,0.25,combined,10.0,0.0,8.547281265258789,0.1503804475069046,0.04329914599657059,0.00030427821911871433,51.84642791748047
50,0.05795544013381004,-26.95401000714564,177.0098011784457,495.907870189596,-19.935682980678223,24.79026124536566,98.52995809146512,0.1754816879096112,0.00031056462289276654,0.00042395228251668275,0.00032422397839161003,0.0007313627246086279,3.118247122945986e-05,40,68,121618,0.25,combined,10.0,0.0,1.8969757556915283,10.620838165283203,0.04357106611132622,0.0033194241113960743,20.866729736328125
100,0.09461269527673721,-25.851637134505555,137.32829465239956,384.73678668892535,-18.46648145823125,17.675062218345982,70.25029395215559,0.17612335909513008,0.00031151905142649025,0.0004268300555049343,0.00032470805102780665,0.0007337855701996614,5.3344872304942095e-05,40,68,121618,0.25,combined,10.0,0.0,2.2656466960906982,13.80868148803711,0.04697331786155701,0.00888086948543787,24.922107696533203
200,0.1525973081588745,-24.59110568269046,102.73226936527625,287.8131073053916,-17.04598958382418,12.744176095623455,50.652275269861086,0.17707436367248153,0.0003129911218331088,0.0004313309021262279,0.0003254125359691838,0.0007376268109811215,8.33911633635828e-05,40,68,121618,0.25,combined,10.0,0.0,52.92531204223633,23.519393920898438,0.04557701200246811,0.023215733468532562,98.5023193359375
500,0.22653034329414368,-22.531756735092348,63.93990505755786,179.13303063513968,-15.997210433603119,10.009994728684878,39.78515399056094,0.17852332646243332,0.00031542306971063663,0.0004372942258766857,0.00032707960657598636,0.0007432753382267101,0.00011945414357746003,40,68,121618,0.25,combined,10.0,0.0,4.050602912902832,8.748191833496094,0.04578457400202751,0.05140911787748337,44.55662155151367
1000,0.25185564160346985,-22.304857099624513,60.68509323536136,170.01440111368055,-15.662077308467762,9.266602549738387,36.830509845743244,0.17909346467824985,0.0003160902865445871,0.0004398921114927874,0.0003273730069554752,0.0007455947253083313,0.00013115875307565406,40,68,121618,0.25,combined,10.0,0.0,1.5784618854522705,6.272270202636719,0.04582512378692627,0.06349684298038483,17.36307716369629
0,0.0,-28.06488409583863,194.55850276164765,640.4546889381293,-22.296576862951593,43.648029486668385,169.69056132833728,0.1747288505215207,0.0003093042149979242,0.0004208497547848601,0.0003233813504104159,0.00072880006256572,0.0,63,45,121618,0.5,combined,0.01,0.0,,,,,
10,0.021549301221966743,-27.01125373783593,152.64661555367584,502.48762862683407,-21.389273632493747,35.41883881309527,137.69791467052988,0.17497752018913984,0.0003097216321744711,0.00042194665058291195,0.00032363601564936763,0.000729689872606882,1.1021622484874105e-05,63,45,121618,0.5,combined,0.01,0.0,6.623915195465088,6.091538429260254,0.04440973699092865,0.0004007760144304484,6.668324947357178
50,0.06622634083032608,-25.079380576876904,97.8362647431596,322.06094112326065,-19.547602869336576,23.177534845198952,90.10736439522852,0.17565900592838293,0.00031072084738516037,0.0004248011568237817,0.00032419827032230045,0.0007319970401623152,3.6876739085111164e-05,63,45,121618,0.5,combined,0.01,0.0,1.3545588254928589,10.619710922241211,0.044836923480033875,0.004343129228800535,1.3681044578552246
100,0.10740531235933304,-24.091568832235083,77.93251451507528,256.5410590307942,-18.02155341880054,16.310313084441677,63.40964793348083,0.17636677489590505,0.00031178219450303383,0.0004279666611516081,0.00032475313310664116,0.0007346760099475038,6.058450973515949e-05,63,45,121618,0.5,combined,0.01,0.0,1.639330267906189,13.584939956665039,0.048224058002233505,0.01142254937440157,1.6557235717773438
200,0.16102191805839539,-22.751439472309023,57.240807678781216,188.42735298694814,-16.867129317854033,12.503162842763487,48.608579725601956,0.17727876403156997,0.0003132146679096658,0.00043217023230849655,0.0003254895065611637,0.0007383207351953311,8.805402896832731e-05,63,45,121618,0.5,combined,0.01,0.0,20.948627471923828,14.418044090270996,0.046530310064554214,0.025853708386421204,20.99515724182129
500,0.2425621896982193,-20.864059814803145,37.065322854298316,122.01296516001173,-15.630346621376827,9.404627916895503,36.562397181975534,0.17890308341489936,0.00031637152274172835,0.00043872713020229835,0.00032799542938733545,0.0007449526903346232,0.00012819472117134615,63,45,121618,0.5,combined,0.01,0.0,2.8459765911102295,8.156136512756348,0.047151438891887665,0.05899437516927719,2.874436378479004
1000,0.389047771692276,-17.96933921672421,19.032495139294543,62.65185320163858,-11.797885467488051,3.8913070643901455,15.128244913300657,0.18242671991359705,0.0003266253504652171,0.0004521718212055272,0.0003381309828495305,0.0007625063520720036,0.00020399854900433572,63,45,121618,0.5,combined,0.01,0.0,1.1348602771759033,5.015097618103027,0.047177135944366455,0.15105292201042175,1.1462088823318481
0,0.0,-28.06488409583863,194.55850276164765,640.4546889381293,-22.296576862951593,43.648029486668385,169.69056132833728,0.1747288505215207,0.0003093042149979242,0.0004208497547848601,0.0003233813504104159,0.00072880006256572,0.0,63,45,121618,0.5,combined,0.1,0.0,,,,,
10,0.021549208089709282,-27.011283859458718,152.64767427763175,502.4911137724958,-21.389294176466226,35.419006359633634,137.69856604165656,0.1749775183772878,0.0003097216413921301,0.00042194661383211993,0.0003236360390665179,0.0007296898509878283,1.1021513722473739e-05,63,45,121618,0.5,combined,0.1,0.0,6.6239142417907715,6.091533660888672,0.044409725815057755,0.00040077290032058954,7.068011283874512
50,0.066225565969944,-25.07941622882101,97.83706790035016,322.06358498503664,-19.547620186631715,23.177627264750324,90.1077236949663,0.17565899764973772,0.0003107209086684989,0.0004248009132196166,0.0003241984371342855,0.0007319968987651978,3.687628358935919e-05,63,45,121618,0.5,combined,0.1,0.0,1.354546308517456,10.619637489318848,0.044836848974227905,0.004343027248978615,1.4900009632110596
100,0.10740285366773605,-24.091541316902465,77.9320207643243,256.5394336842833,-18.021537878431296,16.310254721315992,63.40942103500053,0.17636674790432158,0.00031178229134159097,0.00042796626485375856,0.00032475339615288925,0.0007346757752438242,6.058369154722368e-05,63,45,121618,0.5,combined,0.1,0.0,1.6393158435821533,13.584909439086914,0.04822395741939545,0.01142202690243721,1.8032474517822266
200,0.16102178394794464,-22.75115584558383,57.23706954869131,188.41504767564095,-16.86704650005072,12.50292441592381,48.60765279293772,0.17727877269100367,0.00031321506999520965,0.00043216994652162994,0.00032549017197845015,0.0007383207344023644,8.805516660197204e-05,63,45,121618,0.5,combined,0.1,0.0,20.94870948791504,14.418107032775879,0.04653015360236168,0.02585364505648613,21.414011001586914
500,0.2425595223903656,-20.863413919490583,37.059810802190945,121.99482038829667,-15.629554954713097,9.402913722458113,36.55573290366268,0.1789044191213366,0.00031637379166437837,0.0004387256818745328,0.00032799967546644633,0.0007449510942113255,0.0001281986900022006,63,45,121618,0.5,combined,0.1,0.0,2.8455588817596436,8.154144287109375,0.04714930057525635,0.05899297818541527,3.130114793777466
1000,0.3889179825782776,-17.97013812268406,19.03599658199069,62.66337937685562,-11.799832797836402,3.8930522764023254,15.135029778722226,0.18242773561276374,0.00032663080166932257,0.0004521626660073984,0.00033814191617490566,0.0007625013170300556,0.00020399529886800738,63,45,121618,0.5,combined,0.1,0.0,1.1345438957214355,5.0160231590271,0.04717087373137474,0.15095210075378418,1.2479982376098633
0,0.0,-28.06488409583863,194.55850276164765,640.4546889381293,-22.296576862951593,43.648029486668385,169.69056132833728,0.1747288505215207,0.0003093042149979242,0.0004208497547848601,0.0003233813504104159,0.00072880006256572,0.0,63,45,121618,0.5,combined,1.0,0.0,,,,,
10,0.021548323333263397,-27.011533940580385,152.65646448849463,502.52004970530766,-21.389439336296565,35.42019023442212,137.7031685948477,0.1749775020953037,0.0003097217343695369,0.0004219462568208155,0.0003236362841412233,0.0007296896431375612,1.102057339822299e-05,63,45,121618,0.5,combined,1.0,0.0,6.6239142417907715,6.09151029586792,0.044409602880477905,0.0004007433308288455,11.064874649047852
50,0.066217802464962,-25.07980578250391,97.84584408818704,322.0924747563463,-19.547846188838392,23.178833435084744,90.11241292661119,0.175658902083857,0.00031072155568709846,0.0004247985447015962,0.0003242001072257698,0.0007319955676883845,3.687188092407262e-05,63,45,121618,0.5,combined,1.0,0.0,1.3544360399246216,10.619037628173828,0.044836170971393585,0.004342010244727135,2.708871841430664
100,0.10737773030996323,-24.091254829059604,77.92688004965619,256.5225112945293,-18.02136812996832,16.309617230701164,63.406942661027095,0.17636647694531876,0.0003117831851069739,0.00042796228404838604,0.0003247559348988867,0.0007346733480827113,6.0574940369334904e-05,63,45,121618,0.5,combined,1.0,0.0,1.6391708850860596,13.584575653076172,0.04822295531630516,0.011416692286729813,3.278341293334961
200,0.16104987263679504,-22.749323647682722,57.21292751488365,188.3355760589645,-16.866441722220475,12.50118343938582,48.600884393780525,0.17727885318369985,0.00031321747243530487,0.00043216856996348404,0.0003254940751758169,0.0007383210123705753,8.80652412590316e-05,63,45,121618,0.5,combined,1.0,0.0,20.937211990356445,14.411581993103027,0.04652926325798035,0.025860818102955818,25.590137481689453
500,0.2425719052553177,-20.863038480541668,37.056607193670494,121.98427463434955,-15.628890051724294,9.401474250594841,36.550136665038224,0.1789031646593132,0.0003163778946225184,0.0004387146211563512,0.0003280078953646866,0.0007449445191523903,0.0001281831509115495,63,45,121618,0.5,combined,1.0,0.0,2.844421148300171,8.149954795837402,0.04714446887373924,0.05899932608008385,5.688841819763184
1000,0.3835894763469696,-18.091122640814636,19.57375148015465,64.43358032484754,-11.983352020973692,4.061085732225945,15.788293895705092,0.1822480212933617,0.0003257926795352313,0.0004516488362801224,0.0003371645728224861,0.0007614601273171042,0.00019986323254232502,63,45,121618,0.5,combined,1.0,0.0,1.131556749343872,5.078444004058838,0.04729446396231651,0.1467982530593872,2.263113260269165
0,0.0,-28.06488409583863,194.55850276164765,640.4546889381293,-22.296576862951593,43.648029486668385,169.69056132833728,0.1747288505215207,0.0003093042149979242,0.0004208497547848601,0.0003233813504104159,0.00072880006256572,0.0,63,45,121618,0.5,combined,10.0,0.0,,,,,
10,0.021539313718676567,-27.014073722210803,152.74576506479988,502.81401255970746,-21.39094307842231,35.432456578240405,137.75085649261652,0.1749773497432992,0.00030972259866343546,0.000421942626450366,0.0003236386898530935,0.0007296874448989631,1.101121420539824e-05,63,45,121618,0.5,combined,10.0,0.0,6.623875617980957,6.091232776641846,0.04440837353467941,0.000400441320380196,51.032249450683594
50,0.06614221632480621,-25.083778666284417,97.93539347016079,322.38725663820964,-19.5501749612355,23.19126571420204,90.16074593148713,0.17565796861267324,0.00031072791904784955,0.00042477476741303004,0.0003242166997738004,0.0007319821887777357,3.682833761842995e-05,63,45,121618,0.5,combined,10.0,0.0,1.353347659111023,10.613106727600098,0.044829387217760086,0.004332094918936491,14.886820793151855
100,0.10713721066713333,-24.088110086635425,77.87047333189183,256.3368296287732,-18.01944516024628,16.302397254622893,63.37887354065883,0.1763639107657544,0.0003117931777037553,0.00042792331588741527,0.0003247826183148305,0.0007346500419826107,6.049277541042669e-05,63,45,121618,0.5,combined,10.0,0.0,1.6376614570617676,13.580899238586426,0.04821285605430603,0.011365663260221481,18.014272689819336
200,0.1607612818479538,-22.733641881127426,57.00671216401402,187.65674893745197,-16.86282398641516,12.490774109057314,48.560416012337654,0.17727617333326534,0.0003132430102947262,0.0004321219587534497,0.0003255465739015209,0.0007382994256162407,8.803354650074994e-05,63,45,121618,0.5,combined,10.0,0.0,21.32264518737793,14.635695457458496,0.04651167243719101,0.02576892450451851,67.83432006835938
500,0.243465393781662,-20.852291155202508,36.9650179478139,121.68277785506444,-15.610850238516923,9.362503209538259,36.39862884417632,0.17891806376972239,0.000316447703219716,0.0004387240246371153,0.0003281006078800777,0.0007449844780555227,0.00012856808084350544,63,45,121618,0.5,combined,10.0,0.0,2.8367233276367188,8.11352825164795,0.04711846262216568,0.05943669378757477,31.203950881958008
1000,0.39091113209724426,-17.9650180705015,19.013567592025566,62.589546819617524,-11.779911150649042,3.8752352400090757,15.065762438539059,0.18246428896872335,0.0003267184315310604,0.00045210766664588735,0.00033829494756779723,0.0007624950320659204,0.000204449076749801,63,45,121618,0.5,combined,10.0,0.0,1.1324174404144287,5.0177178382873535,0.047107115387916565,0.1525147408246994,12.456589698791504
0,0.0,-26.476792154685292,125.50527867370413,444.302969100716,nan,nan,nan,0.1747288505215207,0.0003093042149979242,0.0004208497547848601,0.0003233813504104159,0.00072880006256572,0.0,108,0,121618,1.0,combined,0.01,0.0,,,,,
10,0.02356218732893467,-25.29730988197196,95.65634114386424,338.63433341337657,nan,nan,nan,0.17501259194086904,0.00030975688900285837,0.0004221322848332192,0.00032363127136407857,0.0007298278399895523,1.240590924523423e-05,108,0,121618,1.0,combined,0.01,0.0,5.008147716522217,3.1521389484405518,0.04607483744621277,0.00047178962267935276,5.054222583770752
50,0.06951683759689331,-23.420448854619057,62.0908581688996,219.80870390460794,nan,nan,nan,0.17571736981551944,0.00031075888775271564,0.0004251661708487578,0.0003241424397289778,0.0007322699707599989,3.891179858641991e-05,108,0,121618,1.0,combined,0.01,0.0,0.9741107821464539,10.37510871887207,0.04597679525613785,0.004787954967468977,0.9838519096374512
100,0.10864530503749847,-22.45069564521792,49.66521746362189,175.8205217605982,nan,nan,nan,0.17639360238264715,0.00031176917458156274,0.00042814698365292806,0.00032468462955314307,0.0007347906962570955,6.120884090810636e-05,108,0,121618,1.0,combined,0.01,0.0,1.1880357265472412,13.603886604309082,0.050174567848443985,0.011691682040691376,1.199916124343872
200,0.16637632250785828,-20.895886230260643,34.71933513023893,122.91039744768908,nan,nan,nan,0.1774014395564663,0.0003134817394115853,0.00043258889091115743,0.0003257387370040332,0.0007387788605992543,9.109811982991121e-05,108,0,121618,1.0,combined,0.01,0.0,11.357990264892578,7.54744291305542,0.048223283141851425,0.027463238686323166,11.406213760375977
500,0.29071393609046936,-18.560044689983616,20.276231725594084,71.7801677591359,nan,nan,nan,0.17976743034216155,0.00031957791756697344,0.0004420050057629617,0.000331350210982594,0.0007496929822840129,0.00015192673220832577,108,0,121618,1.0,combined,0.01,0.0,1.9161492586135864,7.7343573570251465,0.04879486560821533,0.08405554294586182,1.9353107213974
1000,0.4259791970252991,-16.268137765116446,11.961800457741182,42.346134882358854,nan,nan,nan,0.1830081489915248,0.0003296486885689722,0.00045355831844833087,0.0003418177053988731,0.0007660412509259046,0.00021880271152573718,108,0,121618,1.0,combined,0.01,0.0,0.7622349858283997,4.968245029449463,0.0482635572552681,0.18125613033771515,0.7698573470115662
0,0.0,-26.476792154685292,125.50527867370413,444.302969100716,nan,nan,nan,0.1747288505215207,0.0003093042149979242,0.0004208497547848601,0.0003233813504104159,0.00072880006256572,0.0,108,0,121618,1.0,combined,0.1,0.0,,,,,
10,0.023562096059322357,-25.297331522045777,95.65681778253382,338.63602076850873,nan,nan,nan,0.17501258986037227,0.0003097569025512367,0.0004221322419717094,0.00032363130289061597,0.000729827814119123,1.2405802838073976e-05,108,0,121618,1.0,combined,0.1,0.0,5.008147716522217,3.1521389484405518,0.046074818819761276,0.00047178639215417206,5.46889591217041
50,0.06970285624265671,-23.413479427950506,61.99129654325291,219.45624441963025,nan,nan,nan,0.17571974506776278,0.00031076883156374425,0.0004251727001691505,0.0003241540489196645,0.000732280465602176,3.9017773490654654e-05,108,0,121618,1.0,combined,0.1,0.0,0.9733034372329712,10.3684720993042,0.04597501456737518,0.004811042919754982,1.0706337690353394
100,0.10883991420269012,-22.442715227325387,49.574038488986275,175.49773781415172,nan,nan,nan,0.17639651734783002,0.0003117838749913823,0.00042815355224671555,0.0003247025905542553,0.0007348048113840859,6.133362629374769e-05,108,0,121618,1.0,combined,0.1,0.0,1.1872273683547974,13.595383644104004,0.0501725859940052,0.011734100989997387,1.3059500455856323
200,0.16652068495750427,-20.884970668194835,34.632181089296466,122.60186222455687,nan,nan,nan,0.17740399155236128,0.00031349542949524645,0.0004325964891296121,0.00032575490459843927,0.0007387935422654134,9.1195454039783e-05,108,0,121618,1.0,combined,0.1,0.0,11.233354568481445,7.472695827484131,0.04822224751114845,0.027510743588209152,11.715577125549316
500,0.29091987013816833,-18.556161703965085,20.258111039941554,71.7160184697782,nan,nan,nan,0.17977137737297694,0.0003196010644634977,0.00044201437898695186,0.00033137817543897293,0.0007497168934637161,0.00015205310446192688,108,0,121618,1.0,combined,0.1,0.0,1.915505051612854,7.733733654022217,0.04878823086619377,0.08417405933141708,2.107055425643921
1000,0.42590978741645813,-16.269284120656803,11.96495828882535,42.357313963760376,nan,nan,nan,0.18301785935410117,0.000329686948257434,0.00045355835311185167,0.000341872743182362,0.0007660682693121765,0.0002189899713524983,108,0,121618,1.0,combined,0.1,0.0,0.7619751691818237,4.9709649085998535,0.048248566687107086,0.1811974048614502,0.8381726741790771
0,0.0,-26.476792154685292,125.50527867370413,444.302969100716,nan,nan,nan,0.1747288505215207,0.0003093042149979242,0.0004208497547848601,0.0003233813504104159,0.00072880006256572,0.0,108,0,121618,1.0,combined,1.0,0.0,,,,,
10,0.023561157286167145,-25.297604867171536,95.66283861605812,338.65733520436015,nan,nan,nan,0.17501258147197482,0.0003097570316711743,0.0004221317561549543,0.0003236316410970288,0.0007298275131148087,1.2404598715327875e-05,108,0,121618,1.0,combined,1.0,0.0,5.008147716522217,3.152116060256958,0.04607461392879486,0.00047175365034490824,9.615609169006348
50,0.06969288736581802,-23.413570397362488,61.99259505637976,219.4608413038711,nan,nan,nan,0.17571966876001505,0.0003107698177026121,0.0004251698546045611,0.0003241563580654743,0.000732278825936881,3.9012778971093845e-05,108,0,121618,1.0,combined,1.0,0.0,0.973189115524292,10.367571830749512,0.04597386345267296,0.004809670150279999,1.9463779926300049
100,0.10881059616804123,-22.44213684765546,49.56743681476903,175.47436713614715,nan,nan,nan,0.17639627196611324,0.0003117853253846021,0.0004281484695295764,0.0003247062139476733,0.0007348019492398805,6.132504468106869e-05,108,0,121618,1.0,combined,1.0,0.0,1.1870924234390259,13.594744682312012,0.05017097294330597,0.011727806180715561,2.3741846084594727
200,0.16647902131080627,-20.88296118483609,34.61616046351295,122.54514738612387,nan,nan,nan,0.17740366180507985,0.00031349899930727755,0.0004325898386297525,0.0003257620838710998,0.0007387903703799397,9.119153530321346e-05,108,0,121618,1.0,combined,1.0,0.0,11.256158828735352,7.48552942276001,0.048219945281744,0.02749715745449066,16.078153610229492
500,0.2906244397163391,-18.55977864679054,20.274989667858044,71.77577073340322,nan,nan,nan,0.1797662111300951,0.0003195895643470332,0.0004419827672432752,0.00033137165428549683,0.0007496832346072643,0.0001519305112358542,108,0,121618,1.0,combined,1.0,0.0,1.915205955505371,7.73569917678833,0.0487811379134655,0.08400100469589233,3.830411434173584
1000,0.4265272617340088,-16.266259247245603,11.956627562890919,42.327822245909566,nan,nan,nan,0.1830146023395846,0.00032970106563356294,0.0004535225071780681,0.0003419017773866466,0.0007660583018667508,0.00021899743362231358,108,0,121618,1.0,combined,1.0,0.0,0.76168292760849,4.9767584800720215,0.04823491349816322,0.18172380328178406,1.5233657360076904
0,0.0,-26.476792154685292,125.50527867370413,444.302969100716,nan,nan,nan,0.1747288505215207,0.0003093042149979242,0.0004208497547848601,0.0003233813504104159,0.00072880006256572,0.0,108,0,121618,1.0,combined,10.0,0.0,,,,,
10,0.023551344871520996,-25.300264954317345,95.72145078976233,338.8648289693828,nan,nan,nan,0.17501247925226363,0.000309758329941309,0.00042212694517754245,0.0003236350106766745,0.0007298245327052966,1.2392637909502303e-05,108,0,121618,1.0,combined,10.0,0.0,5.008166790008545,3.151913642883301,0.04607253894209862,0.0004714103415608406,51.08070755004883
50,0.069598488509655,-23.41452555950246,62.00623084826322,219.509113558902,nan,nan,nan,0.1757187628732649,0.00031077958632261715,0.00042514103047406167,0.00032417957063437576,0.0007322623509994011,3.8965040261860114e-05,108,0,121618,1.0,combined,10.0,0.0,0.9720470905303955,10.3585844039917,0.04596225917339325,0.004796566441655159,10.69251537322998
100,0.10949348658323288,-22.43742502336199,49.51368839906652,175.2840916279498,nan,nan,nan,0.1764039723697959,0.0003117889817204779,0.0004281998010832585,0.00032469561090164124,0.0007348389893595105,6.160500458686078e-05,108,0,121618,1.0,combined,10.0,0.0,1.1870818138122559,13.586482048034668,0.05018239840865135,0.011876610107719898,13.057897567749023
200,0.16663730144500732,-20.882050034468833,34.608898750490624,122.5194400956364,nan,nan,nan,0.17740487806399355,0.00031349908729477814,0.0004325819891063835,0.00032576627077622394,0.0007387815043864502,9.120345923412062e-05,108,0,121618,1.0,combined,10.0,0.0,11.189939498901367,7.444876670837402,0.04821807146072388,0.027554895728826523,59.40801239013672
500,0.2911806106567383,-18.54911004253874,20.225244532758374,71.59966729411633,nan,nan,nan,0.1797819050198975,0.0003196870814397642,0.0004419044648588959,0.00033152887400494306,0.0007496778292481264,0.00015227025063147825,108,0,121618,1.0,combined,10.0,0.0,1.9101203680038452,7.7435431480407715,0.048702314496040344,0.08430944383144379,21.01131820678711
1000,0.4268377721309662,-16.2179102575984,11.824255423915575,41.85920980988714,nan,nan,nan,0.1830319443678732,0.0003299520076266515,0.0004529759629252236,0.0003424363773936681,0.0007658142791877146,0.00021955210638566043,108,0,121618,1.0,combined,10.0,0.0,0.7558660507202148,5.0609331130981445,0.047980356961488724,0.1819896399974823,8.314525604248047
0,0.0,-28.887898736794053,714.9637664984225,774.0871776937072,-23.3204300004543,172.83877754872324,214.80431440679732,0.1566807853915402,0.0003758220527910952,0.0004692771534623666,0.00038830204935810363,0.0008158189911938761,0.0,40,68,116726,0.25,combined,0.01,0.0,,,,,
10,0.021098462864756584,-28.827684357218107,705.1192884008125,763.4286176050356,-23.30453493310315,172.20734824039437,214.0195730333882,0.15652314297544231,0.0003754104601138832,0.00046867150213316533,0.0003879293853477273,0.0008152189431737548,9.039756306149573e-06,40,68,116726,0.25,combined,0.01,0.0,815.3307495117188,743.3118286132812,0.03676675632596016,0.00037143315421417356,815.3674926757812
50,0.06025713309645653,-28.785914714312547,698.3700893345651,756.1212984069291,-23.278738193001153,171.18748251279646,212.7520822450904,0.15623930519482676,0.00037467556687544983,0.00046762709471203577,0.00038725554284742053,0.0008142541594277979,2.7898500322450468e-05,40,68,116726,0.25,combined,0.01,0.0,1142.5445556640625,6853.9931640625,0.040387317538261414,0.0035544736310839653,1142.5849609375
100,0.07575979083776474,-28.696814923366233,684.1883130122999,740.7667703561569,-23.2578155023895,170.364748385268,211.72958693061733,0.1559691887755617,0.0003742838813346233,0.0004663115101582259,0.00038711632494648157,0.0008132162378476119,3.342330932264249e-05,40,68,116726,0.25,combined,0.01,0.0,1.8270660638809204,12.198897361755371,0.03622670844197273,0.005705296993255615,1.845336675643921
200,0.14371588826179504,-28.614798436419466,671.3886618849923,726.9086613429872,-23.20879785604032,168.45269813409072,209.3532877624535,0.15531163205618215,0.00037363307518533653,0.00046303317956157693,0.0003871195579824291,0.00081080639704461,5.427990171178418e-05,40,68,116726,0.25,combined,0.01,0.0,1.4741737842559814,13.163627624511719,0.03619955852627754,0.020398186519742012,1.4889155626296997
500,0.3796856105327606,-28.12151164002323,599.3014426792785,648.8602417202262,-23.218655149490473,168.83547378506987,209.82900196528632,0.15338223121543318,0.0003732745043667667,0.00045692485051111037,0.00038815356333380833,0.0008097095447020879,0.00012501248929598443,40,68,116726,0.25,combined,0.01,0.0,2766.272216796875,24071.271484375,0.03462842106819153,0.14381110668182373,2766.306884765625
1000,0.5613564252853394,-27.90193639501399,569.7545454919045,616.869985255347,-23.32301911146727,172.9418486719137,214.9324113666698,0.15275438292278012,0.0003737928933870703,0.0004553603586549644,0.00038945693681885875,0.0008106024470474945,0.0001530644769246418,40,68,116726,0.25,combined,0.01,0.0,7.103065490722656,35.589019775390625,0.04148997738957405,0.3147923946380615,7.144555568695068
0,0.0,-28.887898736794053,714.9637664984225,774.0871776937072,-23.3204300004543,172.83877754872324,214.80431440679732,0.1566807853915402,0.0003758220527910952,0.0004692771534623666,0.00038830204935810363,0.0008158189911938761,0.0,40,68,116726,0.25,combined,0.1,0.0,,,,,
10,0.021098388358950615,-28.827685559617066,705.1194836219937,763.428828969891,-23.304529704071456,172.20714089787074,214.01931534776193,0.15652311674483999,0.0003754104288148619,0.00046867134674506277,0.00038792939164976494,0.0008152188111064838,9.039459516863558e-06,40,68,116726,0.25,combined,0.1,0.0,815.3333129882812,743.3109130859375,0.03676673769950867,0.00037143047666177154,815.7009887695312
50,0.06025621294975281,-28.785893841473982,698.3667328721396,756.1176643842725,-23.278733993655788,171.18731698570753,212.75187652775452,0.15623926785486866,0.00037467550997406616,0.00046762685067917127,0.000387255539500609,0.0008142539449989377,2.7897959013238953e-05,40,68,116726,0.25,combined,0.1,0.0,1142.531494140625,6853.90625,0.04038727283477783,0.0035543562844395638,1142.9354248046875
100,0.07576242834329605,-28.696790048752412,684.1843942723572,740.7625275588509,-23.25781189679304,170.3646069452302,211.72941114870787,0.15596911859016643,0.0003742838032347382,0.00046631117545613304,0.00038711631461316626,0.000813215971212053,3.342453505372339e-05,40,68,116726,0.25,combined,0.1,0.0,1.827069878578186,12.198915481567383,0.03622668981552124,0.005705680698156357,2.0097768306732178
200,0.14372457563877106,-28.614790119554137,671.3873761574573,726.9072692931443,-23.208786866809575,168.45227188800547,209.35275802312412,0.15531155643450503,0.00037363301308342535,0.0004630327914527812,0.0003871195724985039,0.000810806139765366,5.428319997218273e-05,40,68,116726,0.25,combined,0.1,0.0,1.4741737842559814,13.16362190246582,0.03619954735040665,0.020400656387209892,1.6215910911560059
500,0.37969696521759033,-28.121471760292778,599.2959395307797,648.8542834928454,-23.218665653754762,168.83588214728866,209.82950947851737,0.15338217992340206,0.00037327455070184355,0.0004569247211523085,0.00038815366307576825,0.0008097095398432289,0.00012501464536608916,40,68,116726,0.25,combined,0.1,0.0,2766.255126953125,24071.28515625,0.034628380089998245,0.14381973445415497,2766.601318359375
1000,0.5613642930984497,-27.901897343373573,569.7494222977298,616.864438402338,-23.323002613097906,172.9411916861133,214.93159486364644,0.15275443702453828,0.0003737927898754871,0.0004553604394263773,0.0003894568088924861,0.0008106021385960679,0.000153063756619059,40,68,116726,0.25,combined,0.1,0.0,7.102935314178467,35.58889389038086,0.04148994758725166,0.3148011565208435,7.517834663391113
0,0.0,-28.887898736794053,714.9637664984225,774.0871776937072,-23.3204300004543,172.83877754872324,214.80431440679732,0.1566807853915402,0.0003758220527910952,0.0004692771534623666,0.00038830204935810363,0.0008158189911938761,0.0,40,68,116726,0.25,combined,1.0,0.0,,,,,
10,0.02109764888882637,-28.827705442405296,705.1227117941319,763.4323240933877,-23.30445982286789,172.2043699795301,214.01587164593252,0.1565228485740958,0.00037541009923097463,0.00046866975074783375,0.0003879294474456454,0.0008152174670318878,9.03654040503487e-06,40,68,116726,0.25,combined,1.0,0.0,815.3515625,743.3010864257812,0.03676653653383255,0.0003714044578373432,819.0281982421875
50,0.06024662032723427,-28.785684569066262,698.3330816579089,756.0812304072372,-23.278679649952252,171.18517491506495,212.74921435886907,0.1562388944724606,0.0003746749815256708,0.00046762443261404233,0.00038725555387233784,0.0008142518795348077,2.7892172493546343e-05,40,68,116726,0.25,combined,1.0,0.0,1142.3939208984375,6852.99755859375,0.040386803448200226,0.0035531367175281048,1146.4326171875
100,0.07578824460506439,-28.69653258502707,684.1438348250321,740.7186140773854,-23.257761301703866,170.36262221767086,211.72694452606265,0.1559684090245683,0.0003742829973234827,0.0004663078109829421,0.00038711617347025857,0.0008132132669773421,3.343681647194781e-05,40,68,116726,0.25,combined,1.0,0.0,1.8271077871322632,12.199077606201172,0.03622647374868393,0.005709442310035229,3.654215097427368
200,0.14414793252944946,-28.613915085455353,671.2521159385349,726.7608238283165,-23.208521997225603,168.4419985540184,209.33999030690288,0.15530468774039385,0.0003736275051455626,0.00046300562639646384,0.00038711841709540155,0.0008107935131955649,5.452563461384269e-05,40,68,116726,0.25,combined,1.0,0.0,1.4747384786605835,13.169828414916992,0.036199770867824554,0.020521488040685654,2.949476480484009
500,0.38029539585113525,-28.120930769050233,599.2212911813261,648.7734621521626,-23.21928236017815,168.85985886596254,209.85930778355925,0.1533758684746331,0.0003732818897772956,0.0004569111602744267,0.0003881661757162236,0.0008097254677655975,0.000125229643873031,40,68,116726,0.25,combined,1.0,0.0,2765.3720703125,24074.154296875,0.03462764993309975,0.14427432417869568,2768.834716796875
1000,0.5622905492782593,-27.89966626262322,569.4568027585211,616.5476209021263,-23.324355131887803,172.99505896912424,214.99854121075802,0.1527545349947813,0.00037380194520270906,0.00045535364022949,0.0003894733592880551,0.0008106123150827106,0.00015324664485610623,40,68,116726,0.25,combined,1.0,0.0,7.089202404022217,35.56092071533203,0.041490692645311356,0.31584247946739197,11.238271713256836
0,0.0,-28.887898736794053,714.9637664984225,774.0871776937072,-23.3204300004543,172.83877754872324,214.80431440679732,0.1566807853915402,0.0003758220527910952,0.0004692771534623666,0.00038830204935810363,0.0008158189911938761,0.0,40,68,116726,0.25,combined,10.0,0.0,,,,,
10,0.021096885204315186,-28.828075438682962,705.1827871354504,763.4973673215753,-23.303686463212582,172.17370782263694,213.97776466737668,0.15651994232293276,0.00037540664744849743,0.00046865089120848573,0.00038793077367279676,0.0008152026333072711,9.000765953149904e-06,40,68,116726,0.25,combined,10.0,0.0,815.5995483398438,743.1400146484375,0.036764319986104965,0.000371481291949749,852.3638916015625
50,0.060114938765764236,-28.78356321643715,697.9920575291619,755.7120055349893,-23.27812256737357,171.1632178866941,212.7219261282272,0.1562350457961024,0.00037466982768715135,0.0004675985976579559,0.0003872565349742016,0.000814230473876056,2.781847573521857e-05,40,68,116726,0.25,combined,10.0,0.0,1140.937255859375,6843.34814453125,0.04038166627287865,0.003536608535796404,1181.3189697265625
100,0.07526180893182755,-28.693395583285316,683.6498415626919,740.1837703997577,-23.256691690107264,170.32066925572096,211.67480531658205,0.15596896163876478,0.00037428887355969145,0.0004662984906674243,0.0003871269040458773,0.0008132011997338275,3.310830899708622e-05,40,68,116726,0.25,combined,10.0,0.0,1.8258758783340454,12.191699028015137,0.036224354058504105,0.005628068931400776,20.08462905883789
200,0.14550964534282684,-28.612413405869212,671.0200541946207,726.5095719064504,-23.207048205489244,168.38484693945801,209.26896218718932,0.15529711092382228,0.000373618399206716,0.0004629629050491213,0.00038711812703332276,0.0008107586831083973,5.488955220279118e-05,40,68,116726,0.25,combined,10.0,0.0,1.4748343229293823,13.169614791870117,0.03619786351919174,0.02091227099299431,16.223173141479492
500,0.38328394293785095,-28.116461112735397,598.6049040099562,648.1061032897838,-23.220866160548574,168.92145050242848,209.93585396973285,0.1533513269582949,0.0003732954288453962,0.0004568617472085406,0.00038819456231853957,0.0008097538835048022,0.0001259605745107848,40,68,116726,0.25,combined,10.0,0.0,2759.786376953125,24072.341796875,0.03462255001068115,0.14655084908008575,2794.408935546875
1000,0.5643892288208008,-27.907775468589072,570.5210936092597,617.699922514456,-23.33202979638331,173.3010386424085,215.37881324735994,0.15272292909498322,0.00037381319184021116,0.00045532569595082287,0.0003894859261254908,0.0008106685485337838,0.00015363351634197853,40,68,116726,0.25,combined,10.0,0.0,7.1582183837890625,35.86185836791992,0.041493743658065796,0.3182147145271301,48.65196228027344
0,0.0,-27.558568981992554,504.65425250212087,569.9764317794567,-23.318394741191945,170.5092175678996,214.70367300677196,0.1566807853915402,0.0003758220527910952,0.0004692771534623666,0.00038830204935810363,0.0008158189911938761,0.0,63,45,116726,0.5,combined,0.01,0.0,,,,,
10,0.02051427774131298,-27.505408310725308,498.5145863057702,563.042050441021,-23.301316653787953,169.84002800691766,213.86103553103902,0.15652357219325702,0.0003754127802426643,0.000468664782509003,0.00038793548495543947,0.0008152092357636437,8.827459719446203e-06,63,45,116726,0.5,combined,0.01,0.0,577.0659790039062,868.09375,0.0376225970685482,0.00035313802072778344,577.1035766601562
50,0.05959455296397209,-27.457137718652362,493.0044176696058,556.818648493703,-23.27397477789615,168.77412503630254,212.51886009838967,0.15621657213702814,0.0003746510245671877,0.00046750690892726084,0.0003872563787086008,0.0008141663825884925,2.7836065172877253e-05,63,45,116726,0.5,combined,0.01,0.0,897.8321533203125,6755.56689453125,0.04711948707699776,0.0034776702523231506,897.8792724609375
100,0.07748355716466904,-27.371965323157255,483.4299706188078,546.0048900854108,-23.25123539236433,167.89274378979766,211.40903276094073,0.15593922765083368,0.0003742438614029394,0.00046612123008800855,0.0003871215345888257,0.0008130653446322564,3.4027332284451403e-05,63,45,116726,0.5,combined,0.01,0.0,1.3909486532211304,12.621918678283691,0.03757765144109726,0.005950332619249821,1.404858112335205
200,0.1479041874408722,-27.300071906425927,475.4931114919603,537.0406881149979,-23.18929818999272,165.5153231945227,208.41540613260776,0.15529251229475768,0.0003735553397883339,0.00046285435140169763,0.0003870880495679444,0.0008106590279147572,5.619433274021901e-05,63,45,116726,0.5,combined,0.01,0.0,1.1175673007965088,13.245161056518555,0.036913249641656876,0.0215993020683527,1.1287429332733154
500,0.38932108879089355,-26.87479115773995,431.13785311621024,486.94410857699114,-23.199533520742527,165.9058651022527,208.90717298984123,0.15336356444149676,0.0003732319904229546,0.0004567996589417649,0.00038817778690115147,0.0008096589009282093,0.0001269065207022633,63,45,116726,0.5,combined,0.01,0.0,2085.26904296875,23784.75390625,0.03531528264284134,0.1512119174003601,2085.304443359375
1000,0.5768510103225708,-26.681930198241176,412.41082754018464,465.7930667245878,-23.300498801836067,169.8080471906732,213.820765574896,0.15284682866316507,0.0003737213591827786,0.0004554491871176399,0.00038941498234027725,0.0008103470512718893,0.0001531604367208767,63,45,116726,0.5,combined,0.01,0.0,5.0832390785217285,36.93596267700195,0.04832286015152931,0.3324120044708252,5.131561756134033
0,0.0,-27.558568981992554,504.65425250212087,569.9764317794567,-23.318394741191945,170.5092175678996,214.70367300677196,0.1566807853915402,0.0003758220527910952,0.0004692771534623666,0.00038830204935810363,0.0008158189911938761,0.0,63,45,116726,0.5,combined,0.1,0.0,,,,,
10,0.020513765513896942,-27.505412624530514,498.5150814757474,563.042609705538,-23.301311030015157,169.8398080775493,213.86075859795665,0.15652352741973358,0.0003754127310071316,0.00046866454046928997,0.00038793549124845745,0.0008152090431515294,8.827134349723114e-06,63,45,116726,0.5,combined,0.1,0.0,577.0682373046875,868.0913696289062,0.03762255236506462,0.00035311811370775104,577.4444580078125
50,0.059593044221401215,-27.45710917871468,493.0011778704118,556.8149893366165,-23.273970138220225,168.773944730805,212.51863305932906,0.1562164987599652,0.0003746509331354914,0.0004675064836659945,0.00038725638086156613,0.0008141660397860374,2.7835459151212192e-05,63,45,116726,0.5,combined,0.1,0.0,897.8146362304688,6755.42578125,0.047119397670030594,0.003477475605905056,898.2858276367188
100,0.07748863846063614,-27.371934798527562,483.42657281625856,546.0010524730984,-23.25123967719176,167.89290943587866,211.40924134099592,0.1559391012058679,0.00037424372291913765,0.0004661205948500826,0.0003871215208616748,0.000813064875294556,3.403000020905615e-05,63,45,116726,0.5,combined,0.1,0.0,1.3909530639648438,12.621943473815918,0.03757759556174278,0.00595109211280942,1.5300483703613281
200,0.1479213386774063,-27.300062594228844,475.4920919347236,537.0395365868122,-23.189279658110713,165.5146169217003,208.41451680022283,0.1552923474843363,0.0003735552439009162,0.00046285355653298224,0.0003870881111881153,0.0008106585803590445,5.620109681444841e-05,63,45,116726,0.5,combined,0.1,0.0,1.1175663471221924,13.245152473449707,0.036913201212882996,0.021604321897029877,1.229322910308838
500,0.38934507966041565,-26.87473480098558,431.1322584394527,486.93778972823594,-23.199566902461562,165.90714033012,208.90877874530088,0.15336343968763702,0.00037323214217818994,0.0004567993546223643,0.00038817807518148195,0.0008096590134132635,0.00012691163212478002,63,45,116726,0.5,combined,0.1,0.0,2085.248779296875,23784.8125,0.035315196961164474,0.1512305736541748,2085.60205078125
1000,0.5768656730651855,-26.681883673027762,412.40640947829604,465.78807679110724,-23.30048417680632,169.80747535666129,213.8200455266519,0.15284689908917035,0.0003737212760356553,0.0004554493026332616,0.0003894148844907684,0.0008103467097666491,0.00015316010367555634,63,45,116726,0.5,combined,0.1,0.0,5.0831098556518555,36.935787200927734,0.04832276701927185,0.33242887258529663,5.566337585449219
0,0.0,-27.558568981992554,504.65425250212087,569.9764317794567,-23.318394741191945,170.5092175678996,214.70367300677196,0.1566807853915402,0.0003758220527910952,0.0004692771534623666,0.00038830204935810363,0.0008158189911938761,0.0,63,45,116726,0.5,combined,1.0,0.0,,,,,
10,0.020508574321866035,-27.505426870684087,498.51671675649646,563.0444566561615,-23.301236033857062,169.83687522354094,213.8570655745708,0.15652308517257693,0.00037541224954973915,0.0004686621318054419,0.0003879355635599574,0.0008152071345485598,8.82402889209184e-06,63,45,116726,0.5,combined,1.0,0.0,577.0855102539062,868.071044921875,0.03762213513255119,0.00035291590029373765,580.8477172851562
50,0.059578876942396164,-27.456802089487535,492.9663190350933,556.7756183921088,-23.273902529480118,168.77131736494493,212.51532470387158,0.1562157495652499,0.0003746500321220586,0.00046750224524483785,0.0003872564136933925,0.0008141626545123582,2.7829838157594244e-05,63,45,116726,0.5,combined,1.0,0.0,897.6382446289062,6753.99169921875,0.04711843654513359,0.003475637873634696,902.35009765625
100,0.07754021137952805,-27.371602755383645,483.3896134834429,545.9593091438095,-23.251276065919697,167.89431618527422,211.41101270718087,0.15593784894871504,0.0003742423519835844,0.000466114290859511,0.0003871213966258857,0.0008130602339191595,3.4056856835619147e-05,63,45,116726,0.5,combined,1.0,0.0,1.3910000324249268,12.622236251831055,0.03757700324058533,0.005958803463727236,2.7819995880126953
200,0.1480138599872589,-27.300459801943102,475.53558264716565,537.0886567140486,-23.18911767082814,165.508443515376,208.40674330250994,0.1552924691482652,0.0003735566904502763,0.00046285144554906034,0.00038709053712517185,0.000810656911406936,5.621298000957187e-05,63,45,116726,0.5,combined,1.0,0.0,1.11727774143219,13.241174697875977,0.03691258653998375,0.021631291136145592,2.234555244445801
500,0.389776349067688,-26.873963440970563,431.0556908873074,486.85131131267616,-23.2001495408535,165.92939950168682,208.9368072939134,0.15336095793770774,0.0003732354341151974,0.00045679339829869154,0.0003881842008404884,0.0008096633886091269,0.00012701491434758896,63,45,116726,0.5,combined,1.0,0.0,2084.863037109375,23786.078125,0.035314083099365234,0.151566281914711,2088.39453125
1000,0.5770494937896729,-26.6816117675957,412.38059012360026,465.75891539280855,-23.300344225542915,169.80200340415058,213.81315529327145,0.15284706648666047,0.0003737194387812746,0.00045545031775015517,0.0003894124988163883,0.0008103425021980212,0.00015315398587286008,63,45,116726,0.5,combined,1.0,0.0,5.0842742919921875,36.94808578491211,0.04832247272133827,0.33264052867889404,9.916521072387695
0,0.0,-27.558568981992554,504.65425250212087,569.9764317794567,-23.318394741191945,170.5092175678996,214.70367300677196,0.1566807853915402,0.0003758220527910952,0.0004692771534623666,0.00038830204935810363,0.0008158189911938761,0.0,63,45,116726,0.5,combined,10.0,0.0,,,,,
10,0.020451348274946213,-27.505609762619336,498.53771094608453,563.0681683225354,-23.30040642579215,169.80443534906487,213.8162175764318,0.15651865730037118,0.00037540746581768685,0.0004686371268342824,0.0003879366478155045,0.0008151876881183138,8.793260990848303e-06,63,45,116726,0.5,combined,10.0,0.0,577.2783203125,867.8290405273438,0.03761791065335274,0.0003506845678202808,614.896240234375
50,0.05942513421177864,-27.453626993855785,492.60604662731464,556.3687125145973,-23.273212614774206,168.74450869696832,212.48156747030322,0.1562079811483133,0.00037464079948953044,0.00046745757490281227,0.00038725703783631173,0.0008141277324258219,2.777407420076225e-05,63,45,116726,0.5,combined,10.0,0.0,895.7958984375,6738.99658203125,0.04710857570171356,0.00345575506798923,942.9044799804688
100,0.07777254283428192,-27.368316182574098,483.0239412848944,545.5463045294697,-23.251788437434367,167.91412517280537,211.43595600609544,0.15592879344612068,0.00037423410461532273,0.0004660570621903323,0.00038712599689850856,0.0008130171740723466,3.4133485642892864e-05,63,45,116726,0.5,combined,10.0,0.0,1.3909002542495728,12.62059497833252,0.037570539861917496,0.005994079634547234,15.299899101257324
200,0.1498497873544693,-27.29597591562026,475.0448678810482,536.5344240883919,-23.18749355299074,165.44656039903825,208.32882063906493,0.15526951886322268,0.00037353023938926363,0.000462749354250978,0.00038708199856626115,0.000810603772929159,5.7157802492295524e-05,63,45,116726,0.5,combined,10.0,0.0,1.1195156574249268,13.272594451904297,0.03690946102142334,0.022170165553689003,12.314669609069824
500,0.39003121852874756,-26.867055006985634,430.37054460133726,486.07748005417005,-23.20924605141716,166.27731098483736,209.37489430398318,0.15336543761943397,0.00037328053626800676,0.00045677271734710737,0.0003882545832243889,0.0008097038757383445,0.00012754818593852654,63,45,116726,0.5,combined,10.0,0.0,2087.388916015625,23831.4609375,0.035303156822919846,0.1517953872680664,2122.692138671875
1000,0.5740593671798706,-26.681612442386854,412.38065419781896,465.7589877607602,-23.29739339800714,169.68667008436222,213.66792861443358,0.15287145209373706,0.0003736946128118514,0.00045547574894035976,0.0003893797169566781,0.000810280195882063,0.00015271075270480676,63,45,116726,0.5,combined,10.0,0.0,5.0707173347473145,36.785831451416016,0.04832349345088005,0.32919740676879883,53.39421081542969
0,0.0,-26.252569931861554,356.52318136432854,421.94611562417134,nan,nan,nan,0.1566807853915402,0.0003758220527910952,0.0004692771534623666,0.00038830204935810363,0.0008158189911938761,0.0,108,0,116726,1.0,combined,0.01,0.0,,,,,
10,0.01954375021159649,-26.20853008805923,352.92610961602713,417.68897182216364,nan,nan,nan,0.15653108861417853,0.00037542605318318387,0.000468681087077627,0.0003879509311609487,0.0008152176576426129,8.39063206302153e-06,108,0,116726,1.0,combined,0.01,0.0,404.87835693359375,856.12353515625,0.03773871436715126,0.0003228305431548506,404.9161071777344
50,0.05774994194507599,-26.15376924897205,348.5039500763719,412.455334465716,nan,nan,nan,0.15619746888159214,0.00037463901762525663,0.0004673754963562458,0.00038728003680737805,0.0008140698357399465,2.7134260885541646e-05,108,0,116726,1.0,combined,0.01,0.0,718.124267578125,6750.88330078125,0.048048730939626694,0.003270209301263094,718.1723022460938
100,0.08008047938346863,-26.084704027242708,343.00557807583584,405.9479968530403,nan,nan,nan,0.1559182132313841,0.00037420439983634106,0.00046588626225684183,0.00038714820111390117,0.0008128634116443851,3.444744346762444e-05,108,0,116726,1.0,combined,0.01,0.0,1.0717558860778809,12.63775634765625,0.037823718041181564,0.006334221921861172,1.0824733972549438
200,0.16042400896549225,-26.005415748653782,336.8002109865729,398.6039287076904,nan,nan,nan,0.15522754941951417,0.0003734195390933651,0.0004623726127099991,0.000387068184287364,0.0008103553343824133,6.104760788802608e-05,108,0,116726,1.0,combined,0.01,0.0,0.8631476163864136,13.459540367126465,0.03703536465764046,0.025461874902248383,0.8717790842056274
500,0.4033949375152588,-25.665642169880517,311.4547774818266,368.60754200651303,nan,nan,nan,0.153430360849456,0.00037320981693423873,0.0004567111866507454,0.0003882765735467708,0.0008095318506023026,0.00012873051617926214,108,0,116726,1.0,combined,0.01,0.0,1601.9527587890625,23719.625,0.03552225977182388,0.16245576739311218,1601.98828125
1000,0.5965809226036072,-25.527962149458826,301.73590704248153,357.1052334765506,nan,nan,nan,0.15305951857425745,0.00037361896068340786,0.00045563595091753257,0.0003893717571852817,0.0008099672461142394,0.0001526164250604581,108,0,116726,1.0,combined,0.01,0.0,3.611628770828247,37.0155143737793,0.04802853241562843,0.35552164912223816,3.647745132446289
0,0.0,-26.252569931861554,356.52318136432854,421.94611562417134,nan,nan,nan,0.1566807853915402,0.0003758220527910952,0.0004692771534623666,0.00038830204935810363,0.0008158189911938761,0.0,108,0,116726,1.0,combined,0.1,0.0,,,,,
10,0.019541941583156586,-26.20853032251354,352.92612866877914,417.6889943711453,nan,nan,nan,0.15653103665205054,0.000375426005672035,0.0004686808011741873,0.0003879509514097373,0.0008152174400724299,8.390032378943405e-06,108,0,116726,1.0,combined,0.1,0.0,404.8795471191406,856.1210327148438,0.03773866221308708,0.00032276453566737473,405.2569274902344
50,0.05774800851941109,-26.153737048979693,348.50136616536355,412.45227640029395,nan,nan,nan,0.15619735705546536,0.0003746389094853129,0.0004673749345015743,0.0003872800505731227,0.0008140694045302327,2.713378808863059e-05,108,0,116726,1.0,combined,0.1,0.0,718.1047973632812,6750.68603515625,0.04804862290620804,0.003269959706813097,718.5852661132812
100,0.08008798956871033,-26.08469091061376,343.0045421266609,405.9467708044881,nan,nan,nan,0.15591803730859438,0.0003742042153099437,0.0004658854044785702,0.00038714818792483344,0.0008128627895029686,3.4451464727185946e-05,108,0,116726,1.0,combined,0.1,0.0,1.0717599391937256,12.637791633605957,0.0378236398100853,0.006335382349789143,1.1789358854293823
200,0.1604938507080078,-26.005282525752893,336.78987956059296,398.59170143807944,nan,nan,nan,0.15522677049324385,0.00037341880696557025,0.00046236914047556056,0.00038706804384035015,0.0008103535475501417,6.10788331364238e-05,108,0,116726,1.0,combined,0.1,0.0,0.8632007837295532,13.46045207977295,0.037035178393125534,0.025484144687652588,0.9495208263397217
500,0.4041827619075775,-25.664043500750537,311.34014984379934,368.4718798977443,nan,nan,nan,0.15342622820849142,0.00037321790598770236,0.0004567014062249191,0.00038829031932055287,0.0008095412282914988,0.0001289216392147585,108,0,116726,1.0,combined,0.1,0.0,1601.9874267578125,23727.197265625,0.03551878407597542,0.16309145092964172,1602.3426513671875
1000,0.5965561270713806,-25.528146173606213,301.7486928069294,357.1203654621438,nan,nan,nan,0.15305857519189506,0.00037361842996491354,0.0004556338607089685,0.000389371548014572,0.0008099697446933016,0.00015260979052657408,108,0,116726,1.0,combined,0.1,0.0,3.612746477127075,37.02473068237305,0.0480298176407814,0.3554917573928833,3.9740209579467773
0,0.0,-26.252569931861554,356.52318136432854,421.94611562417134,nan,nan,nan,0.1566807853915402,0.0003758220527910952,0.0004692771534623666,0.00038830204935810363,0.0008158189911938761,0.0,108,0,116726,1.0,combined,1.0,0.0,,,,,
10,0.019523631781339645,-26.208545936429708,352.9273975241577,417.69049606479746,nan,nan,nan,0.156530496469348,0.0003754255002773187,0.00046867789330243064,0.00038795112853379915,0.0008152152130244376,8.384210026418103e-06,108,0,116726,1.0,combined,1.0,0.0,404.893798828125,856.092041015625,0.03773810714483261,0.00032209616620093584,408.6676025390625
50,0.057728517800569534,-26.15342577086823,348.47638842236563,412.4227151762672,nan,nan,nan,0.1561962564860525,0.0003746378137608373,0.00046736930460266815,0.00038728017298021733,0.0008140650617949915,2.71288791644181e-05,108,0,116726,1.0,combined,1.0,0.0,717.9144287109375,6748.7939453125,0.048047516494989395,0.0032674474641680717,722.7191772460938
100,0.08016294240951538,-26.08456610943328,342.99468550667393,405.935105469009,nan,nan,nan,0.15591625309686624,0.0003742023829953408,0.00046587688805340295,0.0003871480616818499,0.0008128566109933545,3.4491576649892535e-05,108,0,116726,1.0,combined,1.0,0.0,1.0718027353286743,12.638164520263672,0.03782283142209053,0.006346963346004486,2.1436052322387695
200,0.16067175567150116,-26.005049779626454,336.7718308764031,398.570340773236,nan,nan,nan,0.15522549747882958,0.00037341802521419513,0.0004623624821536578,0.0003870685401988175,0.0008103492457558862,6.113606661353207e-05,108,0,116726,1.0,combined,1.0,0.0,0.8631964921951294,13.460342407226562,0.03703444078564644,0.025540729984641075,1.7263927459716797
500,0.4042752981185913,-25.662743095945515,311.24693944507874,368.36156514759136,nan,nan,nan,0.153430207744933,0.0003732175488894842,0.0004567068955787737,0.00038828967670397215,0.0008095325261794526,0.00012887549986769886,108,0,116726,1.0,combined,1.0,0.0,1602.1669921875,23728.75,0.035516735166311264,0.1631668508052826,1605.7186279296875
1000,0.5971105694770813,-25.527117977160184,301.677261963908,357.0358268730027,nan,nan,nan,0.15305854426423304,0.00037361961578169045,0.00045563591481895244,0.0003893724713693937,0.0008099660937191744,0.00015265298471930547,108,0,116726,1.0,combined,1.0,0.0,3.6108336448669434,37.03134536743164,0.048026423901319504,0.35615384578704834,7.22166633605957
0,0.0,-26.252569931861554,356.52318136432854,421.94611562417134,nan,nan,nan,0.1566807853915402,0.0003758220527910952,0.0004692771534623666,0.00038830204935810363,0.0008158189911938761,0.0,108,0,116726,1.0,combined,10.0,0.0,,,,,
10,0.01931263692677021,-26.20871009578273,352.9407381100134,417.70628468297485,nan,nan,nan,0.1565251866222745,0.0003754207991538927,0.0004686480271835019,0.00038795366557620365,0.0008151926966865661,8.318437770101227e-06,108,0,116726,1.0,combined,10.0,0.0,405.0581970214844,855.7682495117188,0.037732332944869995,0.00031442250474356115,442.79052734375
50,0.05760636180639267,-26.150833016996692,348.26840883798315,412.1765707953507,nan,nan,nan,0.15618522546865832,0.0003746265594501791,0.0004673149597928521,0.0003872801015956152,0.0008140254489653803,2.7146434895398286e-05,108,0,116726,1.0,combined,10.0,0.0,716.3845825195312,6733.54736328125,0.04803828150033951,0.0032506557181477547,764.4228515625
100,0.08116606622934341,-26.082990933263204,342.8703046750497,405.7879004301638,nan,nan,nan,0.15589557547165714,0.0003741790769493777,0.0004657805917465954,0.00038714264862781995,0.0008127886008586405,3.504959824420879e-05,108,0,116726,1.0,combined,10.0,0.0,1.0725268125534058,12.645031929016113,0.03781464323401451,0.0065019745379686356,11.797791481018066
200,0.16306929290294647,-26.000495641779967,336.41886726724675,398.15260742061,nan,nan,nan,0.15520009480008068,0.0003733950258759498,0.00046225475750684734,0.00038706363441916254,0.0008102870180737024,6.20956114630379e-05,108,0,116726,1.0,combined,10.0,0.0,0.864457368850708,13.482780456542969,0.037027135491371155,0.026309894397854805,9.509028434753418
500,0.4077383577823639,-25.657342228396942,310.8601146629023,367.90375700832277,nan,nan,nan,0.15342438768649494,0.00037320350479911365,0.00045668691834740754,0.00038828417144888794,0.0008094892906519752,0.00012917961107842624,108,0,116726,1.0,combined,10.0,0.0,1599.368896484375,23709.029296875,0.03550676628947258,0.16597813367843628,1634.8756103515625
1000,0.6015639305114746,-25.519579825613455,301.1540878136231,356.41664890072354,nan,nan,nan,0.1530618111995792,0.00037367516008532836,0.0004556349153189913,0.0003894530949956259,0.0008100277585130962,0.00015346792339286623,108,0,116726,1.0,combined,10.0,0.0,3.5864651203155518,36.90671920776367,0.047995347529649734,0.3615230917930603,39.451107025146484
0,0.0,-16.252616823616705,74.17037443600401,42.195067149618474,-10.830517741174376,29.644441735591176,12.107424627757725,0.17340725400929372,0.00033228888092181474,0.0004450402273260078,0.00034840263590245715,0.0007727638114817885,0.0,63,45,106319,0.5,combined,10.0,0.001,,,,,
10,0.01532020140439272,-16.308628594836186,75.13315888075927,42.74278926381797,-10.932571418994119,30.34929757391715,12.395302841558621,0.17326300640028622,0.0003323228467577097,0.00044434959857976694,0.00034862469999544633,0.0007723820279224267,6.282654106266714e-06,63,45,106319,0.5,combined,10.0,0.001,14.925520896911621,81.3678970336914,0.0449986569583416,0.0002091118658427149,59.92417907714844
50,0.042180560529232025,-16.00029514296934,69.98392620471213,39.81342265097599,-10.543429938069783,27.74817953633354,11.332950550736621,0.1735007003884149,0.00033284421166937875,0.00044462722809077333,0.00034933178909789855,0.0007727451776754486,1.9240199474435598e-05,63,45,106319,0.5,combined,10.0,0.001,1.2018414735794067,12.293800354003906,0.04211436212062836,0.0017296615988016129,13.220254898071289
100,0.060791097581386566,-15.621058502964626,64.13197866383825,36.4842858989933,-9.908363164630238,23.97329990717506,9.79120889823581,0.17410630005455682,0.0003333278415514114,0.0004472896537471546,0.00034933887667520187,0.0007746745215811219,2.9758779696856462e-05,63,45,106319,0.5,combined,10.0,0.001,5.79942512512207,51.15961456298828,0.044287487864494324,0.0036617908626794815,50.086917877197266
200,0.14270922541618347,-14.895638916290146,54.2666085520142,30.871937876085276,-7.260732282179872,13.030609504018473,5.3219798784144965,0.1756650129776948,0.00033506748692531185,0.00045282471581576165,0.0003506034479625303,0.0007789082196696024,7.903083070652957e-05,63,45,106319,0.5,combined,10.0,0.001,6.921735763549805,4.914046287536621,0.046264443546533585,0.01992005854845047,53.18619918823242
500,0.2832466661930084,-10.22315142425306,18.504780226973015,10.527254988307504,-1.5437479414553912,3.4935446333345515,1.426838417436707,0.17823699713263932,0.000338247773642822,0.0004628313163365377,0.0003526103680789808,0.0007872571411334996,0.00014576440270015309,63,45,106319,0.5,combined,10.0,0.001,0.5585472583770752,2.0668697357177734,0.04832075163722038,0.08011211454868317,6.144099235534668
1000,0.3470019996166229,-5.567794078041999,6.335023013745304,3.603955399874652,1.1457422252706815,1.880690277756758,0.7681141709192183,0.1794763865473227,0.0003404536353595127,0.00046686604398079424,0.0003547288347770655,0.0007914495795691461,0.00017265190435464533,63,45,106319,0.5,combined,10.0,0.001,3.5224180221557617,1.352304220199585,0.049407027661800385,0.12031600624322891,38.7467155456543
0,0.0,-16.252616823616705,74.17037443600401,42.195067149618474,-10.830517741174376,29.644441735591176,12.107424627757725,0.17340725400929372,0.00033228888092181474,0.0004450402273260078,0.00034840263590245715,0.0007727638114817885,0.0,63,45,106319,0.5,combined,10.0,0.01,,,,,
10,0.0153201874345541,-16.30862663434568,75.13312496418482,42.742769968888595,-10.93257011899386,30.349288489277473,12.395299131197296,0.17326300643984877,0.0003323228467210393,0.0004443495986989895,0.0003486246999704698,0.0007723820279086884,6.282649845509056e-06,63,45,106319,0.5,combined,10.0,0.01,14.925520896911621,81.3678970336914,0.0449986532330513,0.00020911151659674942,59.92417907714844
50,0.04218045249581337,-16.000295208051078,69.98392725346491,39.81342324760496,-10.54343023144326,27.74818141077141,11.332951316297173,0.17350070095445466,0.0003328442104866546,0.00044462723346819786,0.000349331785909021,0.0007727451795704024,1.9240164663341673e-05,63,45,106319,0.5,combined,10.0,0.01,1.2018413543701172,12.29379940032959,0.04211436212062836,0.001729652751237154,13.220269203186035
100,0.06079091876745224,-15.621055251237596,64.13193064581841,36.48425858183889,-9.908357202770864,23.973266997398248,9.791195457178434,0.17410630035776672,0.0003333278420157362,0.0004472896566261434,0.00034933887618645833,0.0007746745262211193,2.975875085941487e-05,63,45,106319,0.5,combined,10.0,0.01,5.7994256019592285,51.159603118896484,0.044287487864494324,0.0036617701407521963,50.086952209472656
200,0.1427091509103775,-14.895639953331097,54.26662151020373,30.87194524791913,-7.260735675277492,13.030619684702136,5.32198403642365,0.17566501191215733,0.00033506748154823806,0.00045282471644477064,0.00035060344009357677,0.0007789082180111381,7.90307621765617e-05,63,45,106319,0.5,combined,10.0,0.01,6.921736717224121,4.9140472412109375,0.04626444727182388,0.01992003805935383,53.18638229370117
500,0.28324562311172485,-10.22318139538923,18.50490793092155,10.527327638293764,-1.5437695247453453,3.493561995372821,1.42684550846482,0.17823698937787483,0.00033824774789370884,0.00046283128385333,0.0003526103423339591,0.0007872570963092731,0.00014576414598870883,63,45,106319,0.5,combined,10.0,0.01,0.5585487484931946,2.0668749809265137,0.04832075163722038,0.0801115334033966,6.14483642578125
1000,0.34699639678001404,-5.567980196434798,6.335294509151244,3.604109851931441,1.1456587715682405,1.880726417307535,0.7681289310854248,0.1794763414589183,0.00034045352963936644,0.00046686591627701033,0.00035472872056918517,0.0007914494019806614,0.00017265091305562248,63,45,106319,0.5,combined,10.0,0.01,3.52252197265625,1.3523414134979248,0.04940703138709068,0.12031210958957672,38.748939514160156
0,0.0,-16.252616823616705,74.17037443600401,42.195067149618474,-10.830517741174376,29.644441735591176,12.107424627757725,0.17340725400929372,0.00033228888092181474,0.0004450402273260078,0.00034840263590245715,0.0007727638114817885,0.0,63,45,106319,0.5,combined,10.0,0.1,,,,,
10,0.015320049598813057,-16.308626299851756,75.13311917742632,42.74276667683749,-10.932569337255964,30.34928302635133,12.39529690002131,0.17326300720203952,0.00033232284710238094,0.00044434960576526187,0.000348624697932867,0.0007723820324632702,6.282602578875047e-06,63,45,106319,0.5,combined,10.0,0.1,14.925520896911621,81.367919921875,0.0449986569583416,0.00020910805324092507,59.924198150634766
50,0.04217936843633652,-16.000291302468565,69.98386431739483,39.81338744366405,-10.543423159163074,27.74813622420745,11.332932861137106,0.17350071009989096,0.0003328442092539157,0.0004446272845179909,0.0003493317701850953,0.0007727452128052055,1.923984231106673e-05,63,45,106319,0.5,combined,10.0,0.1,1.201841115951538,12.293794631958008,0.04211437702178955,0.0017295629950240254,13.220422744750977
100,0.06078897416591644,-15.621063364534526,64.13205045435933,36.4843267401766,-9.908368701008287,23.973330468313065,9.791221380058818,0.17410629848422937,0.0003333278212757685,0.0004472896456004238,0.0003493388531060411,0.0007746745078698955,2.9758364769309696e-05,63,45,106319,0.5,combined,10.0,0.1,5.799428939819336,51.159637451171875,0.04428749158978462,0.0036615384742617607,50.08728790283203
200,0.14270833134651184,-14.895652695147945,54.26678072391594,30.87203582361501,-7.260753411162524,13.030672899756473,5.32200577059106,0.175665003127232,0.0003350674249054151,0.00045282468691932773,0.0003506033731544689,0.0007789081585342141,7.903012747089776e-05,63,45,106319,0.5,combined,10.0,0.1,6.922042369842529,4.914259433746338,0.04626445844769478,0.019919797778129578,53.18849182128906
500,0.2832344174385071,-10.223640473267864,18.50686412498941,10.528440504996658,-1.5440664278213134,3.493800839015105,1.4269430573214508,0.17823689121061118,0.0003382474641000715,0.0004628309587928093,0.00035261003380721246,0.0007872566541825173,0.00014576114548501518,63,45,106319,0.5,combined,10.0,0.1,0.5585653185844421,2.066929578781128,0.04832075908780098,0.08010523021221161,6.152227401733398
1000,0.34693893790245056,-5.5699886346547665,6.338225006956844,3.605776994003048,1.1447420171846618,1.8811234626878872,0.7682910929186376,0.17947586300305354,0.00034045239013854916,0.0004668645078875581,0.0003547275014579478,0.0007914474744746648,0.00017264015896037413,63,45,106319,0.5,combined,10.0,0.1,3.5236501693725586,1.3527487516403198,0.04940709471702576,0.12027227133512497,38.77217483520508
0,0.0,-24.211114565195476,349.36384172029904,263.70080557830005,-20.2717170914211,176.69717839682042,106.45638368604715,0.17439340322873245,0.00031255708485506154,0.0004417832094499269,0.00032630802206275763,0.0007509605315867634,0.0,63,45,120717,0.5,combined,10.0,0.001,,,,,
10,0.013098550960421562,-24.203437421976123,348.7468071663102,263.23506616990767,-20.273978534856468,176.7892115092813,106.51183172670547,0.17448369351845963,0.00031261861445781636,0.00044184832745358606,0.0003264098824643222,0.0007509618789593943,4.903953047583137e-06,63,45,120717,0.5,combined,10.0,0.001,6745.71435546875,213.6264190673828,0.04798392951488495,0.00014778572949580848,6793.6982421875
50,0.028084173798561096,-24.17272094252119,346.2889171354926,261.37984389516413,-20.261777465671628,176.29323691977228,106.2130173275263,0.1744923840809099,0.00031260673053378824,0.0004412112582575877,0.0003266378689453034,0.0007504259092319304,1.2425922486459744e-05,63,45,120717,0.5,combined,10.0,0.001,5.776869297027588,58.870845794677734,0.04759572446346283,0.0007813957636244595,53.372596740722656
100,0.05245204642415047,-24.14337004647372,343.9564854799339,259.61931795321624,-20.255873181364827,176.05372704615453,106.0687175982732,0.17470423175379682,0.0003127328865045465,0.0004410789112244904,0.0003269539544816141,0.0007501884530430476,2.4623935414974325e-05,63,45,120717,0.5,combined,10.0,0.001,6.273069381713867,61.74938201904297,0.04328266903758049,0.0027381442487239838,49.55574417114258
200,0.16043536365032196,-24.14096322014366,343.76592027354206,259.47547880205144,-19.606839907551112,151.61490429193933,91.3448339711374,0.17669262865937835,0.0003141639915069753,0.000449248861647763,0.0003271279691181329,0.0007559506404426243,7.73703837077049e-05,63,45,120717,0.5,combined,10.0,0.001,13.106100082397461,71.29766845703125,0.04734828695654869,0.025664007291197777,60.454410552978516
500,0.3337603509426117,-13.791072527347865,31.71565980605859,23.939068791786248,-7.818078662881023,10.043053394270414,6.050731286262284,0.18005148240805396,0.00031756384924168206,0.0004612636772491642,0.0003294299991812852,0.0007659856929926941,0.00016258910617372024,63,45,120717,0.5,combined,10.0,0.001,11.63916015625,2.3813235759735107,0.05288310348987579,0.1112678050994873,64.52237701416016
1000,0.4542727768421173,-11.102632090305013,17.077712856974454,12.890305463907987,-2.4912484586900043,2.9456609078558254,1.7746995773268812,0.18317520773632578,0.0003231543240779771,0.00046945379610213814,0.00033564835619220867,0.0007763064426436968,0.00022360483389465525,63,45,120717,0.5,combined,10.0,0.001,15.576587677001953,4.301990509033203,0.048491913825273514,0.20584651827812195,64.0687026977539
0,0.0,-24.211114565195476,349.36384172029904,263.70080557830005,-20.2717170914211,176.69717839682042,106.45638368604715,0.17439340322873245,0.00031255708485506154,0.0004417832094499269,0.00032630802206275763,0.0007509605315867634,0.0,63,45,120717,0.5,combined,10.0,0.01,,,,,
10,0.01309854257851839,-24.203437429702102,348.74680778672126,263.2350666381957,-20.273978524338652,176.78921108113022,106.51183146875333,0.17448369306952421,0.00031261861495764917,0.0004418483275039034,0.00032640988289988043,0.0007509618798991903,4.903949937357983e-06,63,45,120717,0.5,combined,10.0,0.01,6745.70751953125,213.626220703125,0.04798392951488495,0.00014778552576899529,6793.69140625
50,0.028084078803658485,-24.172721493968954,346.28896110571753,261.37987708401295,-20.261779608841305,176.29332391751893,106.21306974186352,0.17449238373463366,0.0003126067311408236,0.0004412112620143591,0.00032663786803461555,0.0007504259124731461,1.2425894217002966e-05,63,45,120717,0.5,combined,10.0,0.01,5.776869297027588,58.870845794677734,0.04759572073817253,0.0007813905249349773,53.37260055541992
100,0.05245177075266838,-24.143369108595078,343.9564112009782,259.6192618872526,-20.255869755570902,176.05358817182486,106.06863392937106,0.17470423216453726,0.0003127328886434482,0.0004410789167507447,0.0003269539551122165,0.0007501884620037753,2.4623838579132364e-05,63,45,120717,0.5,combined,10.0,0.01,6.273070812225342,61.74941635131836,0.04328267276287079,0.0027381163090467453,49.55577087402344
200,0.16043464839458466,-24.140963966785304,343.76597937398736,259.475523411233,-19.606842629877676,151.61499933008233,91.34489122964662,0.17669262716577477,0.00031416398734858804,0.00044924886636290516,0.0003271279606379128,0.0007559506438950005,7.737019550954838e-05,63,45,120717,0.5,combined,10.0,0.01,13.106128692626953,71.29783630371094,0.04734828695654869,0.02566377818584442,60.45466995239258
500,0.33375805616378784,-13.791110164398239,31.715934663121683,23.93927625466678,-7.818125923918081,10.043162685942548,6.050797132227046,0.18005146404671776,0.0003175638065175986,0.0004612636905009629,0.0003294299265647803,0.0007659856780235469,0.0001625883782249596,63,45,120717,0.5,combined,10.0,0.01,11.639180183410645,2.381333827972412,0.052883122116327286,0.11126627773046494,64.5234146118164
1000,0.4542681574821472,-11.102683864972816,17.077916451129422,12.890459137346005,-2.4913407766865374,2.94572352444782,1.7747373025243234,0.1831751754217907,0.00032315420678678797,0.00046945392127229076,0.0003356481362863787,0.0007763064286628529,0.00022360354656744723,63,45,120717,0.5,combined,10.0,0.01,15.577560424804688,4.302238941192627,0.04849198833107948,0.20584234595298767,64.07160949707031
0,0.0,-24.211114565195476,349.36384172029904,263.70080557830005,-20.2717170914211,176.69717839682042,106.45638368604715,0.17439340322873245,0.00031255708485506154,0.0004417832094499269,0.00032630802206275763,0.0007509605315867634,0.0,63,45,120717,0.5,combined,10.0,0.1,,,,,
10,0.013098482973873615,-24.203437781484457,348.74683603552086,263.23508796046866,-20.27397967807669,176.78925804660474,106.51185976447724,0.1744836923400076,0.00031261861263985163,0.0004418483273042611,0.0003264098801713519,0.0007509618774118107,4.903943926860371e-06,63,45,120717,0.5,combined,10.0,0.1,6745.70751953125,213.62620544433594,0.04798392951488495,0.00014778408512938768,6793.69140625
50,0.0280831977725029,-24.172721375341414,346.2889516468348,261.37986994442184,-20.261778593713984,176.29328271042183,106.21304491544254,0.1744923825522372,0.00031260673110379116,0.00044121127713265987,0.0003266378625532634,0.0007504259277003335,1.2425667828804903e-05,63,45,120717,0.5,combined,10.0,0.1,5.776870250701904,58.87085723876953,0.04759572446346283,0.0007813433185219765,53.37267303466797
100,0.05244904011487961,-24.143382812494252,343.9574965363007,259.6200811013918,-20.255882271587122,176.05409554477845,106.06893961104811,0.17470422529078583,0.00031273288261783665,0.0004410789706144582,0.0003269539251078318,0.0007501885091990579,2.462287363930102e-05,63,45,120717,0.5,combined,10.0,0.1,6.273078441619873,61.74950408935547,0.043282683938741684,0.0027378383092582226,49.55603790283203
200,0.16042760014533997,-24.14096916797758,343.76639107482686,259.47583416417893,-19.60685826874455,151.61554529397506,91.34522016156376,0.176692592659059,0.00031416396349246887,0.0004492489524735391,0.00032712787698936196,0.0007559507414126513,7.736838149554638e-05,63,45,120717,0.5,combined,10.0,0.1,13.106369018554688,71.29927825927734,0.04734833166003227,0.025661546736955643,60.45726776123047
500,0.33373263478279114,-13.79158983228554,31.719437805842738,23.941920436597712,-7.818710421117645,10.044514440512051,6.051611536307552,0.18005119269378206,0.00031756330557387375,0.0004612635499481214,0.0003294291431639086,0.0007659852833618238,0.00016257977837816432,63,45,120717,0.5,combined,10.0,0.1,11.639446258544922,2.381453275680542,0.05288328230381012,0.11124936491250992,64.53385162353516
1000,0.4542107880115509,-11.103148039260166,17.079741837743732,12.89183694427163,-2.4922715067287973,2.9463548857240065,1.7751176845930812,0.18317481452896783,0.00032315279882067654,0.0004694572641252111,0.00033564479134379286,0.0007763077085180496,0.00022358700437288454,63,45,120717,0.5,combined,10.0,0.1,15.586573600769043,4.304616928100586,0.0484933964908123,0.20579040050506592,64.10054779052734
0,0.0,-28.06488409583863,194.55850276164765,640.4546889381293,-22.296576862951593,43.648029486668385,169.69056132833728,0.1747288505215207,0.0003093042149979242,0.0004208497547848601,0.0003233813504104159,0.00072880006256572,0.0,63,45,121618,0.5,combined,10.0,0.001,,,,,
10,0.021539313718676567,-27.01407372361111,152.74576511405,502.8140127218308,-21.390943080694576,35.43245659677898,137.75085656468897,0.1749773497257812,0.0003097225987848084,0.0004219426268356552,0.00032363868984709086,0.00072968744522936,1.1011213626233118e-05,63,45,121618,0.5,combined,10.0,0.001,6.623875617980957,6.091232776641846,0.04440837353467941,0.0004004412912763655,51.032249450683594
50,0.06614220887422562,-25.08377828427569,97.93538485568953,322.38722828078284,-19.55017464875499,23.191264045560466,90.1607394443048,0.175657968931967,0.0003107279189964964,0.00042477476768922577,0.00032421669987349314,0.0007319821890840108,3.682833963634517e-05,63,45,121618,0.5,combined,10.0,0.001,1.353347659111023,10.613107681274414,0.044829387217760086,0.004332093987613916,14.886825561523438
100,0.10713719576597214,-24.08811010185118,77.87047360471541,256.3368305268637,-18.01944513165925,16.30239714731388,63.378873123473284,0.17636391064646142,0.00031179317742364494,0.00042792331632663093,0.00032478261787190405,0.000734650041929034,6.049277395287605e-05,63,45,121618,0.5,combined,10.0,0.001,1.6376614570617676,13.580896377563477,0.04821285605430603,0.011365661397576332,18.014284133911133
200,0.1607612669467926,-22.733641896836502,57.006712370215695,187.65674961623407,-16.862823890814504,12.490773834099585,48.560414943383755,0.1772761730122918,0.0003132430088008371,0.0004321219571640009,0.00032554657224838124,0.0007382994238172704,8.803353511463029e-05,63,45,121618,0.5,combined,10.0,0.001,21.32270622253418,14.63573169708252,0.04651167243719101,0.02576891891658306,67.83440399169922
500,0.24346525967121124,-20.852291385034366,36.96501990403007,121.68278429460734,-15.6108503501589,9.362503450215597,36.39862977985825,0.17891806277438888,0.0003164477012417237,0.00043872401962424557,0.00032810060664603967,0.0007449844737918543,0.00012856806218253632,63,45,121618,0.5,combined,10.0,0.001,2.8367233276367188,8.11352825164795,0.04711846262216568,0.059436626732349396,31.204010009765625
1000,0.39091089367866516,-17.96501825987136,19.013568421093602,62.58954954877355,-11.779912172252677,3.875236151592123,15.065765982502919,0.18246428943987708,0.00032671842300880256,0.0004521076877652783,0.0003382949287329937,0.0007624950430666729,0.00020444908366729317,63,45,121618,0.5,combined,10.0,0.001,1.13241708278656,5.017711162567139,0.04710711911320686,0.15251457691192627,12.456737518310547
0,0.0,-28.06488409583863,194.55850276164765,640.4546889381293,-22.296576862951593,43.648029486668385,169.69056132833728,0.1747288505215207,0.0003093042149979242,0.0004208497547848601,0.0003233813504104159,0.00072880006256572,0.0,63,45,121618,0.5,combined,10.0,0.01,,,,,
10,0.021539311856031418,-27.01407609938866,152.74584867257408,502.8142877827908,-21.390945384334902,35.432475391320686,137.7509296322792,0.17497734980862303,0.0003097225991267615,0.00042194262709831806,0.00032363869032222436,0.000729687445726973,1.1011214088381138e-05,63,45,121618,0.5,combined,10.0,0.01,6.623875617980957,6.091232776641846,0.04440837353467941,0.00040044120396487415,51.03225326538086
50,0.06614216417074203,-25.083783769137014,97.93550854189006,322.38763543547384,-19.550180059063926,23.191292936551847,90.1608517638895,0.1756579683016181,0.0003107279181831187,0.0004247747663435636,0.0003242166985343696,0.0007319821880218142,3.6828319879362216e-05,63,45,121618,0.5,combined,10.0,0.01,1.3533490896224976,10.613117218017578,0.04482937976717949,0.004332088865339756,14.886878967285156
100,0.10713713616132736,-24.088110288067142,77.87047694363092,256.33684151802606,-18.019445373395637,16.302398054735658,63.37887665125937,0.17636391113422312,0.0003117931754027339,0.00042792331190215995,0.0003247826171261323,0.0007346500379502317,6.0492745170519795e-05,63,45,121618,0.5,combined,10.0,0.01,1.6376615762710571,13.580897331237793,0.04821285605430603,0.011365648359060287,18.014387130737305
200,0.16076107323169708,-22.733648322349083,57.00679671335935,187.65702726003306,-16.862826843909364,12.490782327519169,48.56044796327385,0.17727617183770003,0.00031324300312487183,0.0004321219519491779,0.00032554656692133455,0.0007382994143104983,8.803347712680007e-05,63,45,121618,0.5,combined,10.0,0.01,21.322887420654297,14.63583755493164,0.04651167243719101,0.025768861174583435,67.83482360839844
500,0.24346406757831573,-20.852301840232492,36.96510889366458,121.68307723389232,-15.61086548010781,9.362536067357079,36.39875658560669,0.1789180530286936,0.00031644768779983415,0.0004387239888472042,0.00032810059349117776,0.0007449844452916944,0.00012856783718186117,63,45,121618,0.5,combined,10.0,0.01,2.8367257118225098,8.113536834716797,0.04711846262216568,0.059436049312353134,31.204570770263672
1000,0.3909067213535309,-17.965034877174084,19.01364117238102,62.58978903408256,-11.779966802138906,3.8752848984794093,15.065955495907392,0.18246424783134926,0.00032671835592414225,0.00045210757728899703,0.0003382948587687532,0.000762494901986701,0.00020444843049011966,63,45,121618,0.5,combined,10.0,0.01,1.13241708278656,5.017728805541992,0.04710710793733597,0.15251129865646362,12.458109855651855
0,0.0,-28.06488409583863,194.55850276164765,640.4546889381293,-22.296576862951593,43.648029486668385,169.69056132833728,0.1747288505215207,0.0003093042149979242,0.0004208497547848601,0.0003233813504104159,0.00072880006256572,0.0,63,45,121618,0.5,combined,10.0,0.1,,,,,
10,0.02153928205370903,-27.01407611273696,152.74584914204746,502.8142893282202,-21.390945203205863,35.43247391355608,137.75092388716976,0.1749773493958115,0.0003097225990149278,0.0004219426261771161,0.0003236386902300713,0.0007296874457153435,1.1011202004330274e-05,63,45,121618,0.5,combined,10.0,0.1,6.623875617980957,6.091232776641846,0.044408369809389114,0.00040044030174613,51.032283782958984
50,0.06614170968532562,-25.083789013372208,97.93562680200431,322.38802472837864,-19.550188104818996,23.191335900863702,90.16101879635997,0.17565796454833715,0.000310727911147621,0.0004247747542810439,0.00032421669209110014,0.0007319821779120491,3.6828165619632524e-05,63,45,121618,0.5,combined,10.0,0.1,1.3533488512039185,10.613113403320312,0.044829387217760086,0.004332030192017555,14.887267112731934
100,0.10713634639978409,-24.088128385149957,77.8708014311538,256.3379096777445,-18.01947000652308,16.30249052199105,63.379236136456214,0.1763639039171817,0.0003117931581435665,0.0004279232838688205,0.0003247826010858304,0.0007346500124071411,6.0492409796278945e-05,63,45,121618,0.5,combined,10.0,0.1,1.6376628875732422,13.580909729003906,0.04821285605430603,0.011365480720996857,18.015426635742188
200,0.16075938940048218,-22.733701028345127,57.00748855227492,187.6593046803009,-16.862845041747164,12.490834666592415,48.560651442029325,0.17727615085285062,0.0003132429609746444,0.00043212187818418904,0.00032554652917935015,0.0007382993470397773,8.803281054206886e-05,63,45,121618,0.5,combined,10.0,0.1,21.32465362548828,14.636853218078613,0.04651167243719101,0.025768321007490158,67.83890533447266
500,0.24345232546329498,-20.852350732819414,36.96552504676998,121.68444714167785,-15.610960105394188,9.362740063112277,36.39954966045143,0.17891795363574228,0.0003164475172178938,0.00043872363545863474,0.00032810043560778466,0.0007449840801405618,0.00012856555036015602,63,45,121618,0.5,combined,10.0,0.1,2.836732864379883,8.113574028015137,0.04711843281984329,0.059430334717035294,31.209997177124023
1000,0.39086318016052246,-17.9652295056158,19.014493285043972,62.592594049246344,-11.780554745554973,3.8758095660886784,15.067995247579455,0.182463794761476,0.0003267175200827957,0.0004521063472828801,0.00033829396922445583,0.0007624932872885345,0.00020444109684823023,63,45,121618,0.5,combined,10.0,0.1,1.1324069499969482,5.0178656578063965,0.047106970101594925,0.15247733891010284,12.471721649169922
0,0.0,-27.558568981992554,504.65425250212087,569.9764317794567,-23.318394741191945,170.5092175678996,214.70367300677196,0.1566807853915402,0.0003758220527910952,0.0004692771534623666,0.00038830204935810363,0.0008158189911938761,0.0,63,45,116726,0.5,combined,10.0,0.001,,,,,
10,0.020451344549655914,-27.50560996416253,498.5377340817426,563.0681944528608,-23.30040649254569,169.80443795905603,213.8162208629092,0.1565186575829396,0.0003754074656499195,0.00046863712674401024,0.0003879366476185838,0.0008151876878710839,8.793260396979275e-06,63,45,116726,0.5,combined,10.0,0.001,577.2783203125,867.8290405273438,0.03761791065335274,0.00035068453871645033,614.896240234375
50,0.05942513048648834,-27.453626916153837,492.60603781383656,556.3687025603073,-23.27321246953791,168.74450305383277,212.4815603645177,0.15620798130243504,0.0003746407993749992,0.0004674575746428935,0.00038725703781454935,0.0008141277320290022,2.7774074889840415e-05,63,45,116726,0.5,combined,10.0,0.001,895.7957763671875,6738.99609375,0.04710857570171356,0.003455754369497299,942.9043579101562
100,0.07777252793312073,-27.368316011915773,483.02392230421253,545.5462830919383,-23.25178770179756,167.9140967303993,211.43592019167357,0.155928794315731,0.0003742341052172395,0.0004660570639272545,0.0003871259973576356,0.0008130171747929026,3.413347422259296e-05,63,45,116726,0.5,combined,10.0,0.001,1.3909001350402832,12.62059497833252,0.0375705361366272,0.005994075909256935,15.299901962280273
200,0.14984971284866333,-27.295977950866476,475.0450905026875,536.5346755260583,-23.18749486463013,165.44661036657564,208.32888355773855,0.15526951900516045,0.000373530238689306,0.00046274935534668153,0.0003870819974290494,0.0008106037719243,5.715777696120396e-05,63,45,116726,0.5,combined,10.0,0.001,1.1195154190063477,13.272591590881348,0.03690946102142334,0.022170141339302063,12.314687728881836
500,0.3900306820869446,-26.867054326343727,430.37047715212566,486.0774038743682,-23.2092438692939,166.27722743841636,209.37478910308135,0.15336543955174262,0.0003732805354845919,0.0004567727251699935,0.00038825457913462436,0.0008097038728471185,0.00012754806829133914,63,45,116726,0.5,combined,10.0,0.001,2087.388916015625,23831.45703125,0.035303156822919846,0.15179495513439178,2122.6923828125
1000,0.5740575790405273,-26.68161699368561,412.3810863627716,465.7594758649155,-23.297394921792645,169.6867296214145,213.66800358295424,0.1528714605442611,0.00037369460106727206,0.00045547576162223853,0.0003893796977350998,0.0008102801689877072,0.00015271049869156303,63,45,116726,0.5,combined,10.0,0.001,5.070713996887207,36.78578567504883,0.04832349345088005,0.3291953206062317,53.394535064697266
0,0.0,-27.558568981992554,504.65425250212087,569.9764317794567,-23.318394741191945,170.5092175678996,214.70367300677196,0.1566807853915402,0.0003758220527910952,0.0004692771534623666,0.00038830204935810363,0.0008158189911938761,0.0,63,45,116726,0.5,combined,10.0,0.01,,,,,
10,0.020451338961720467,-27.50561022739619,498.5377642990079,563.0682285814329,-23.300406614848317,169.8044427409562,213.8162268842349,0.15651865753283703,0.00037540746578691654,0.00046863712707398197,0.000387936647726722,0.0008151876884703029,8.793260617189051e-06,63,45,116726,0.5,combined,10.0,0.01,577.2785034179688,867.8295288085938,0.03761791065335274,0.0003506843058858067,614.8964233398438
50,0.05942505598068237,-27.453626510410054,492.605991791647,556.3686505810299,-23.27321195712134,168.74448314396102,212.48153529418627,0.1562079816068198,0.00037464079852183864,0.0004674575752423023,0.0003872570369583934,0.0008141277308411774,2.777405009247285e-05,63,45,116726,0.5,combined,10.0,0.01,895.7957153320312,6738.9951171875,0.04710857570171356,0.0034557459875941277,942.9043579101562
100,0.07777228951454163,-27.36831660103993,483.0239878268222,545.54635709576,-23.25178858319307,167.91413080836983,211.43596310234753,0.1559287960310766,0.0003742341083582378,0.0004660570715831013,0.00038712599988731063,0.0008130171804525592,3.413339055692647e-05,63,45,116726,0.5,combined,10.0,0.01,1.3909000158309937,12.620594024658203,0.037570539861917496,0.005994040053337812,15.299957275390625
200,0.14984896779060364,-27.29597805916837,475.0451023490926,536.5346889058558,-23.18749454794748,165.4465983023955,208.3288683666314,0.1552695251964294,0.0003735302454518797,0.000462749381386284,0.0003870819994905985,0.0008106037840453823,5.715752264997343e-05,63,45,116726,0.5,combined,10.0,0.01,1.1195147037506104,13.27258014678955,0.03690946102142334,0.022169925272464752,12.314879417419434
500,0.39002564549446106,-26.867062347550462,430.3712720260879,486.07830163639534,-23.20924448614609,166.2772510556815,209.37481884172917,0.15336546572504947,0.0003732805141745436,0.00045677278858240384,0.00038825453275402046,0.0008097038294976672,0.0001275470570627315,63,45,116726,0.5,combined,10.0,0.01,2087.392822265625,23831.447265625,0.03530316427350044,0.15179108083248138,2122.697509765625
1000,0.5740412473678589,-26.681619950076573,412.3813670847661,465.7597929234164,-23.29737889818648,169.68610355121922,213.66721524099597,0.15287152051901906,0.0003736945300402343,0.00045547585902509086,0.00038937957258463495,0.0008102800105754702,0.00015270837959842975,63,45,116726,0.5,combined,10.0,0.01,5.070670127868652,36.78527069091797,0.048323504626750946,0.32917672395706177,53.39746856689453
0,0.0,-27.558568981992554,504.65425250212087,569.9764317794567,-23.318394741191945,170.5092175678996,214.70367300677196,0.1566807853915402,0.0003758220527910952,0.0004692771534623666,0.00038830204935810363,0.0008158189911938761,0.0,63,45,116726,0.5,combined,10.0,0.1,,,,,
10,0.0204512607306242,-27.50560983054561,498.53771874351486,563.0681771292609,-23.30040648447085,169.8044376433386,213.81622046536063,0.15651865757032954,0.00037540746906770484,0.00046863713057926967,0.00038793665098665723,0.000815187693537639,8.793231895328686e-06,63,45,116726,0.5,combined,10.0,0.1,577.2784423828125,867.8291625976562,0.03761791065335274,0.0003506816574372351,614.8964233398438
50,0.05942440778017044,-27.45362768036674,492.60612449601604,556.3688004625822,-23.273213606549774,168.74454723227265,212.4816159936118,0.1562079845702316,0.0003746408020349662,0.00046745758375698747,0.0003872570391083447,0.0008141277338233984,2.7773847855830696e-05,63,45,116726,0.5,combined,10.0,0.1,895.7943115234375,6738.9833984375,0.04710857570171356,0.0034556719474494457,942.9032592773438
100,0.07777006179094315,-27.368319376649684,483.0242965313022,545.5467057587844,-23.25178972883753,167.9141751031806,211.43601887797482,0.15592881410259263,0.00037423414125918315,0.00046605713936025524,0.0003871260266465029,0.0008130172320194881,3.413251955211203e-05,63,45,116726,0.5,combined,10.0,0.1,1.3908978700637817,12.62057876586914,0.037570539861917496,0.005993700120598078,15.300472259521484
200,0.149841770529747,-27.296001330772018,475.0476478778564,536.5375639265152,-23.187497552823206,165.4467127746395,208.32901250905135,0.15526958672999805,0.0003735303391031998,0.000462749643300868,0.0003870820527965556,0.0008106039458718563,5.715508765363202e-05,63,45,116726,0.5,combined,10.0,0.1,1.119505763053894,13.27245807647705,0.03690946474671364,0.022167803719639778,12.316777229309082
500,0.3899754583835602,-26.86710710945873,430.3757078039944,486.08331157904564,-23.209211786269783,166.2759990883415,209.3732423757163,0.15336574193877442,0.00037328029283188117,0.0004567734325272885,0.0003882540612047346,0.0008097033739687638,0.00012753679981847104,63,45,116726,0.5,combined,10.0,0.1,2087.44140625,23831.4609375,0.03530323505401611,0.15175217390060425,2122.759765625
1000,0.5739168524742126,-26.68170115869819,412.3890782662116,465.7685022361058,-23.297331756068992,169.68426163999388,213.66489592294926,0.1528717119110356,0.00037369438701894065,0.0004554760573487046,0.0003893792145712964,0.0008102796971292166,0.000152699444374361,63,45,116726,0.5,combined,10.0,0.1,5.070324897766113,36.78165054321289,0.04832359030842781,0.32903429865837097,53.426815032958984
